province,aquaculture_type,units,2000,2001,2002,2003,2004,2005,2006,2007,2008,2009,2010,2011,2012,2013,2014,2015
Aceh,marine culture,ton,,,,,-,-,17,-,-,36,42,164,43,84,109,158
Sumatera Utara,marine culture,ton,,,,,496,548,-,612,352,1.386,1.888,3.566,3.086,4.348,4.350,4.363
Sumatera Barat,marine culture,ton,,,,,120,126,40,34,34,60,13,79,833,335,243,268
Riau,marine culture,ton,,,,,7.488,26,59,5,4,-,11,3,2,5,401,619
Kepulauan Riau,marine culture,ton,,,,,-,-,-,-,-,-,-,-,-,,-,-
Jambi,marine culture,ton,,,,,-,-,-,-,316,357,392,-,421,23,-,-
Sumatera Selatan,marine culture,ton,,,,,-,-,-,-,669,-,-,248,5.164,779,24,1
Kepulauan Bangka Belitung,marine culture,ton,,,,,1.399,821,1.693,2.094,1.473,4.201,9.448,10.696,14.057,15.927,6.775,4.440
Bengkulu,marine culture,ton,,,,,31,24,31,24,62,712,746,4.585,10.142,7.142,1.088,1.964
Lampung,marine culture,ton,,,,,-,4.856,903,4.805,4.623,4.651,16.477,4.682,-,,15.358,19.044
DKI Jakarta,marine culture,ton,,,,,1.093,1.909,1.457,1.345,1.530,1.234,35.281,26.726,3.071,2.517,4.066,2.464
Jawa Barat,marine culture,ton,,,,,10.000,10.089,10.337,10.570,11.523,8.423,14.707,7.934,3.726,1.528,1.015,3.964
Jawa Tengah,marine culture,ton,,,,,-,25.984,2.532,1.854,2.249,2.934,4.809,5.737,6.604,14.211,42.413,22.785
DI Yogyakarta,marine culture,ton,,,,,-,-,-,-,-,-,-,-,-,,-,-
Jawa Timur,marine culture,ton,,,,,359,4.556,10.348,13.013,73.738,339.487,389.430,412.798,561.887,580.683,601.413,615.466
Banten,marine culture,ton,,,,,2.957,5.840,6.627,6.120,10.944,5.822,15.024,16.708,17.219,21.930,25.671,26.110
Bali,marine culture,ton,,,,,156.054,161.121,164.769,152.306,129.174,136.000,99.883,106.667,144.610,146.192,84.931,107.921
Nusa Tenggara Barat,marine culture,ton,,,,,39.048,36.425,60.691,75.656,86.622,147.604,163.287,278.107,451.482,599.742,749.659,921.540
Nusa Tenggara Timur,marine culture,ton,,,,,66.408,271.880,481.123,504.709,696.279,498.428,347.828,377.203,398.739,1.846.350,1.966.260,2.283.347
Kalimantan Barat,marine culture,ton,,,,,58,9.047,212,86,107,82,197,20,147,177,1.631,32
Kalimantan Tengah,marine culture,ton,,,,,-,-,-,36,30,31,300,149,230,88,339,364
Kalimantan Selatan,marine culture,ton,,,,,496,505,2.421,6.065,3.762,1.833,1.502,2.303,2.726,2.426,2.706,486
Kalimantan Timur,marine culture,ton,,,,,56,81,1.743,18.464,6.006,7.597,55.995,83.216,195.530,249.746,321.128,22.128
Kalimantan Utara,marine culture,ton,,,,,,,,,,,,,,,,311.038
Sulawesi Utara,marine culture,ton,,,,,7.705,7.739,6.630,4.502,4.827,8.347,48.546,103.544,159.642,174.052,301.876,339.578
Sulawesi Tengah,marine culture,ton,,,,,13.780,124.512,170.275,182.074,286.294,710.991,716.496,734.635,891.428,1.234.021,1.137.589,1.274.906
Sulawesi Selatan,marine culture,ton,,,,,20.141,201.406,406.474,415.727,461.593,627.383,815.777,1.024.310,1.480.791,1.661.417,2.087.873,2.411.918
Sulawesi Tenggara,marine culture,ton,,,,,84.544,12.359,26.076,82.322,124.858,186.616,353.431,588.745,640.334,918.245,956.495,916.313
Gorontalo,marine culture,ton,,,,,5.232,5.654,6.122,7.117,13.576,48.283,64.077,89.190,95.482,104.047,24.991,53.740
Sulawesi Barat,marine culture,ton,,,,,-,-,1.199,578,1.294,9.942,13.211,21.553,27.343,33.127,39.323,36.864
Maluku,marine culture,ton,,,,,2.892,265,3.352,17.533,37.066,52.339,275.193,610.712,476.175,586.106,496.004,712.609
Maluku Utara,marine culture,ton,,,,,524,834,714,1.080,1.480,2.289,49.878,65.093,121.135,98.312,103.213,41.592
Papua Barat,marine culture,ton,,,,,38,3.467,-,762,5.293,12.865,20.613,26.280,131,75.565,57.760,37.847
Papua,marine culture,ton,,,,,-,-,77,39,226,149,224,176,57.555,146,51,155
Indonesia,marine culture,ton,,,,,420.919,890.074,1.365.918,1.509.528,1.966.002,2.820.083,3.514.702,4.605.827,5.769.737,8.379.271,9.034.756,10.174.022
Aceh,brackish pond,ton,17.620,13.448,27.449,33.877,21.376,12.336,19.596,26.451,30.936,25.851,31.041,23.405,27.994,32.940,37.721,42.223
Sumatera Utara,brackish pond,ton,19.134,19.932,39.974,40.237,18.734,18.730,17.689,22.171,33.830,33.965,32.785,32.830,33.841,35.506,29.345,29.496
Sumatera Barat,brackish pond,ton,0,0,23.521,26.316,4,5,5,4,5,10,12,12,26,179,297,332
Riau,brackish pond,ton,617,423,19.396,24.055,6.161,741,245,507,839,964,2.371,2.120,662,329,311,135
Kepulauan Riau,brackish pond,ton,1.045,2.090,4.900,9.008,1.579,1.304,1.575,1.252,1.822,2.061,2.097,1.852,47.278,52.201,786,521
Jambi,brackish pond,ton,4.696,11.614,35.703,42.504,19.822,21.516,27.388,33.194,39.013,74.049,65.133,70.730,750,1.838,53.082,64.496
Sumatera Selatan,brackish pond,ton,703,703,4.341,8.141,804,1.438,790,786,839,1.021,897,1.125,961,761,4.767,7.548
Kepulauan Bangka Belitung,brackish pond,ton,23.241,23.011,33.687,54.483,71.950,123.571,158.011,165.990,158.264,78.031,53.248,54.666,662,91,71.064,53.076
Bengkulu,brackish pond,ton,0,110,236,639,323,152,154,165,388,490,503,535,50.315,82.822,828,1.076
Lampung,brackish pond,ton,-,-,-,-,-,-,-,253,130,9,14,13,732,538,35,42
DKI Jakarta,brackish pond,ton,0,0,1.601,2.467,-,143,99,1.751,1.966,760,1.030,1.800,827,1.211,756,2.656
Jawa Barat,brackish pond,ton,68.955,67.527,210.822,187.709,63.951,65.073,73.325,92.302,107.293,107.690,170.684,179.980,199.923,338.439,310.481,320.278
Jawa Tengah,brackish pond,ton,52.749,48.569,80.090,97.660,51.902,52.381,54.165,67.819,73.393,72.701,83.878,115.786,110.526,188.407,212.693,171.485
DI Yogyakarta,brackish pond,ton,-,-,5.075,7.599,192,213,224,301,428,464,268,499,602,817,2.495,3.372
Jawa Timur,brackish pond,ton,90.025,94.968,142.210,144.669,95.403,122.467,75.954,104.865,78.922,111.445,158.927,177.682,170.434,177.077,191.610,206.362
Banten,brackish pond,ton,0,14.749,18.981,25.589,9.425,10.877,11.744,15.262,16.190,15.874,56.309,59.345,51.535,58.511,60.070,60.112
Bali,brackish pond,ton,1.213,1.676,2.094,3.926,3.541,2.741,2.795,2.897,5.566,3.505,2.649,2.232,1.899,3.005,3.554,3.288
Nusa Tenggara Barat,brackish pond,ton,7.888,7.729,13.105,15.112,10.050,11.222,12.695,23.114,35.796,31.692,40.544,67.999,78.418,97.839,111.554,120.993
Nusa Tenggara Timur,brackish pond,ton,615,621,960,4.208,833,227,714,495,443,464,1.027,1.195,1.497,1.586,1.902,3.575
Kalimantan Barat,brackish pond,ton,1.970,812,2.923,3.899,2.579,1.864,2.090,3.130,8.200,4.440,12.889,10.089,19.805,47.723,46.730,20.158
Kalimantan Tengah,brackish pond,ton,33,350,2.831,4.215,1.836,1.808,1.244,1.085,1.314,2.377,4.031,5.224,6.394,9.244,10.745,11.693
Kalimantan Selatan,brackish pond,ton,2.350,2.773,7.429,8.967,4.730,5.316,3.415,6.027,7.820,11.277,15.378,20.101,23.392,23.826,27.177,33.954
Kalimantan Timur,brackish pond,ton,11.694,15.787,23.231,20.929,25.744,26.978,21.828,31.720,33.196,31.333,53.517,51.164,60.557,54.208,52.572,38.792
Kalimantan Utara,brackish pond,ton,,,,,,,,,,,,,,,,5.366
Sulawesi Utara,brackish pond,ton,176,125,9.526,10.181,183,183,114,161,256,96,606,428,261,10.451,668,703
Sulawesi Tengah,brackish pond,ton,4.515,4.515,911,24.142,6.320,9.347,10.181,18.987,11.702,13.591,23.214,42.057,30.627,83.215,73.733,113.202
Sulawesi Selatan,brackish pond,ton,111.563,111.569,109.617,100.071,126.281,133.088,104.996,297.677,272.891,233.607,534.456,600.241,744.385,918.645,1.001.214,1.052.493
Sulawesi Tenggara,brackish pond,ton,8.585,10.174,16.395,13.079,13.479,17.479,11.316,9.500,24.703,30.337,46.962,54.921,66.183,86.506,75.954,74.888
Gorontalo,brackish pond,ton,0,783,1.180,716,1.478,1.553,459,746,1.804,2.290,4.081,3.212,3.716,10.879,11.344,9.552
Sulawesi Barat,brackish pond,ton,-,-,-,-,-,-,13.723,4.483,10.479,15.042,16.018,17.928,19.375,19.627,25.133,32.530
Maluku,brackish pond,ton,204,204,262,105,475,482,150,160,180,629,527,1.741,1.205,4.264,5.415,12.485
Maluku Utara,brackish pond,ton,0,18,13.886,39,7,360,8,6,23,69,127,85,296,253,156,92
Papua Barat,brackish pond,ton,-,-,-,-,-,-,2.624,38,99,56,189,1.164,1.154,110,2.988,441
Papua,brackish pond,ton,426,430,2.786,2.780,450,380,297,536,782,937,628,950,1.212,1.624,1.209,1.548
Indonesia,brackish pond,ton,430.017,454.710,855.122,917.322,559.612,643.975,629.610,933.832,959.509,907.123,1.416.038,1.602.748,1.756.799,2.344.671,2.428.389,2.498.966
Aceh,freshwater pond,ton,2.000,2.001,2.764,7.434,9.138,8.733,9.016,6.305,9.642,9.839,14.238,9.224,12.391,12.752,18.931,18.614
Sumatera Utara,freshwater pond,ton,1.588,1.139,10.718,11.903,14.240,14.243,15.674,16.742,18.541,12.228,29.512,41.181,46.829,60.042,64.213,64.205
Sumatera Barat,freshwater pond,ton,8.025,8.598,17.141,15.733,20.288,14.174,26.750,34.207,38.404,46.952,57.653,85.934,116.226,147.832,198.514,197.054
Riau,freshwater pond,ton,14.376,13.309,15.974,19.073,19.895,24.769,24.414,25.485,21.084,29.846,29.447,37.973,37.672,45.284,54.561,55.709
Kepulauan Riau,freshwater pond,ton,-,-,2.263,3.191,4.907,5.531,5.872,7.934,9.335,11.838,17.456,20.212,222.900,238.456,36.913,34.411
Jambi,freshwater pond,ton,1.632,2.065,11.368,18.092,3.111,34.768,43.932,51.059,60.308,68.207,100.160,140.731,34.584,36.221,268.752,316.933
Sumatera Selatan,freshwater pond,ton,0,104,1.767,4.023,4.055,4.427,3.893,6.214,8.851,10.713,13.820,23.673,1.982,1.399,46.012,55.635
Kepulauan Bangka Belitung,freshwater pond,ton,2.883,2.883,8.934,13.239,13.996,13.417,13.966,19.318,23.919,21.987,32.378,50.453,11.205,13.366,70.089,55.350
Bengkulu,freshwater pond,ton,12.188,7.903,115,512,359,536,751,693,1.033,841,1.200,1.352,56.076,58.573,2.275,1.028
Lampung,freshwater pond,ton,6.011,11.167,-,-,-,178,505,336,245,366,327,2.563,24.575,58.526,11.973,14.430
DKI Jakarta,freshwater pond,ton,3.918,5.706,1.601,2.467,2.685,6.830,3.365,2.683,2.905,915,14.055,5.617,4.156,3.036,5.168,4.266
Jawa Barat,freshwater pond,ton,913,1.601,99.974,75.028,109.334,110.247,127.578,118.162,147.941,158.871,247.369,295.715,357.026,424.231,478.758,517.622
Jawa Tengah,freshwater pond,ton,0,4.887,23.456,25.248,17.523,25.360,28.350,34.619,44.191,55.031,66.964,94.566,112.088,160.987,199.085,175.914
DI Yogyakarta,freshwater pond,ton,21.133,25.062,4.737,7.041,5.463,8.225,9.059,11.427,14.100,17.009,38.772,43.795,49.412,57.006,62.276,65.542
Jawa Timur,freshwater pond,ton,3.814,3.907,22.199,42.034,38.476,31.026,33.379,35.711,37.704,42.690,65.869,115.086,176.371,217.162,192.566,210.211
Banten,freshwater pond,ton,107.544,98.747,4.583,6.236,4.741,5.254,4.972,8.319,7.423,9.409,12.217,12.864,15.381,17.061,18.289,17.535
Bali,freshwater pond,ton,14.564,18.913,512,972,629,680,654,786,875,1.107,2.626,6.602,6.179,7.990,9.297,6.481
Nusa Tenggara Barat,freshwater pond,ton,486,490,2.403,2.268,1.478,2.244,4.822,2.583,2.612,3.024,3.927,33.016,14.927,17.761,21.812,21.004
Nusa Tenggara Timur,freshwater pond,ton,1.570,1.624,268,572,228,267,1.804,584,853,775,809,966,1.298,1.493,1.853,1.789
Kalimantan Barat,freshwater pond,ton,257,258,1.149,1.796,1.149,1.532,2.427,2.302,2.461,6.106,4.509,7.215,8.013,13.931,19.366,17.876
Kalimantan Tengah,freshwater pond,ton,1.419,1.216,553,1.310,547,863,857,979,2.200,5.161,8.706,12.505,18.184,21.448,22.784,29.202
Kalimantan Selatan,freshwater pond,ton,237,322,1.578,2.021,3.326,3.282,4.923,5.976,8.144,19.746,31.329,27.045,35.249,37.156,41.668,54.180
Kalimantan Timur,freshwater pond,ton,679,797,236,277,330,567,986,5.079,2.120,1.808,2.060,2.214,2.720,3.087,3.680,2.641
Kalimantan Utara,freshwater pond,ton,,,,,,,,,,,,,,,,559
Sulawesi Utara,freshwater pond,ton,189,232,2.727,3.334,3.339,4.294,4.194,5.995,7.158,7.953,6.976,33.039,34.678,81.762,72.641,68.598
Sulawesi Tengah,freshwater pond,ton,0,233,24,11.267,1.173,1.580,1.629,1.663,1.617,3.537,4.294,4.394,6.793,6.546,6.460,8.040
Sulawesi Selatan,freshwater pond,ton,3.807,3.807,9.570,3.193,3.353,2.904,1.737,2.168,2.315,3.662,4.886,6.273,6.987,8.222,8.780,9.308
Sulawesi Tenggara,freshwater pond,ton,-,-,2.463,1.015,458,4.392,911,926,486,848,3.730,4.169,6.080,6.176,4.967,2.855
Gorontalo,freshwater pond,ton,2.854,2.926,851,28,151,113,380,470,400,520,652,1.025,4.477,5.531,9.492,4.166
Sulawesi Barat,freshwater pond,ton,2.235,2.611,-,-,-,-,559,30,26,158,426,608,538,867,1.355,1.882
Maluku,freshwater pond,ton,606,816,4,2,46,122,90,135,134,142,34,52,103,1.683,163,183
Maluku Utara,freshwater pond,ton,4,4,3.377,11,136,168,174,200,223,429,1.351,1.930,1.215,323,569,322
Papua Barat,freshwater pond,ton,1.461,1.462,-,-,-,4,3.211,169,914,1.192,796,2.335,5.184,1.717,1.777,1.784
Papua,freshwater pond,ton,0,3,1.316,1.942,1.628,1.236,1.114,1.115,1.002,1.159,1.263,2.798,2.319,6.784,8.552,7.834
Indonesia,freshwater pond,ton,214.393,222.792,254.625,281.262,286.182,331.966,381.945,410.373,479.167,554.067,819.809,1.127.127,1.433.820,1.774.407,1.963.509,2.043.161
Aceh,cage,ton,46,3,180,1.665,1.761,342,27,4,128,65,143,298,223,20,-,–
Sumatera Utara,cage,ton,173,203,379,379,252,234,258,323,600,6.731,2.251,252,1.208,503,358,1.628
Sumatera Barat,cage,ton,3.048,3.809,4.562,6.972,9.103,9.558,3.448,4.294,3.044,3.200,3.267,2.371,3.979,5.602,6.034,5.898
Riau,cage,ton,424,2.240,2.362,3.168,2.064,987,2.741,2.864,7.983,7.988,12.468,4.367,4.438,5.324,5.557,5.380
Kepulauan Riau,cage,ton,1.160,754,1.159,1.612,2.950,3.627,92,371,141,721,386,356,85.825,86.896,213,84
Jambi,cage,ton,760,7.645,5.769,3.608,730,17.401,20.393,18.325,21.246,24.029,27.053,42.911,48,135,92.519,65.032
Sumatera Selatan,cage,ton,4,4,381,541,459,39,228,60,96,68,67,197,-,-,1.177,1.657
Kepulauan Bangka Belitung,cage,ton,60,152,130,165,286,406,462,927,802,545,696,508,-,-,636,476
Bengkulu,cage,ton,-,-,-,-,58,-,3,-,1,1,-,-,559,634,-,–
Lampung,cage,ton,-,-,-,-,-,-,-,-,-,-,-,-,989,380,-,–
DKI Jakarta,cage,ton,-,-,-,-,-,-,-,-,-,-,-,-,-,-,-,–
Jawa Barat,cage,ton,199,367,266,472,1.396,514,970,1.068,923,225,346,491,365,286,227,233
Jawa Tengah,cage,ton,5.721,6.657,5.048,5.781,5.550,375,481,495,617,1.445,2.557,2.697,1.108,984,1.730,1.154
DI Yogyakarta,cage,ton,114,143,57,58,238,112,56,47,62,65,91,85,75,39,40,40
Jawa Timur,cage,ton,1.387,2.185,1.737,1.840,2.004,2.798,1.310,1.106,666,134,264,676,428,345,591,1.487
Banten,cage,ton,0,0,18,21,34,28,42,60,56,18,38,95,55,57,57,57
Bali,cage,ton,0,35,-,-,48,-,46,49,-,-,158,-,-,-,-,–
Nusa Tenggara Barat,cage,ton,24,783,701,306,303,350,375,470,916,379,306,1.249,1.379,1.543,1.449,1.665
Nusa Tenggara Timur,cage,ton,-,-,-,-,-,-,-,-,-,-,-,-,-,-,-,–
Kalimantan Barat,cage,ton,692,841,810,820,999,3.027,2.965,229,3.950,4.303,7.390,1.721,6.253,14.463,16.034,21.913
Kalimantan Tengah,cage,ton,1.558,1.470,1.721,1.391,2.112,3.359,3.751,4.285,5.030,7.254,11.228,13.634,16.802,22.954,26.395,27.724
Kalimantan Selatan,cage,ton,1.909,2.819,2.878,3.666,5.005,4.293,3.713,3.728,4.737,11.785,12.019,20.258,20.977,26.915,34.806,28.920
Kalimantan Timur,cage,ton,6.395,7.068,6.970,2.087,16.532,18.627,12.239,23.216,24.067,31.869,35.905,35.103,32.288,32.156,32.784,29.746
Kalimantan Utara,cage,ton,,,,,,,,,,,,,,,,–
Sulawesi Utara,cage,ton,1.720,1.703,5.295,5.336,1.371,1.302,1.266,263,190,534,3.825,3.112,299,343,345,300
Sulawesi Tengah,cage,ton,12,12,2,-,27,23,44,27,29,41,266,273,346,9,38,25
Sulawesi Selatan,cage,ton,-,-,-,-,-,2,-,-,-,104,123,194,217,364,282,352
Sulawesi Tenggara,cage,ton,19,-,-,-,-,-,9,458,-,-,-,-,-,-,-,–
Gorontalo,cage,ton,0,100,15,17,75,234,770,847,220,136,188,89,68,54,30,20
Sulawesi Barat,cage,ton,-,-,-,-,-,-,-,48,-,-,-,-,1,-,-,–
Maluku,cage,ton,-,-,-,-,-,-,-,9,-,-,-,-,-,-,-,–
Maluku Utara,cage,ton,-,-,-,-,-,-,-,8,-,-,-,213,-,-,-,–
Papua Barat,cage,ton,-,-,-,-,-,-,-,-,-,-,12,-,438,-,-,–
Papua,cage,ton,348,347,302,399,338,251,510,349,266,131,223,234,-,-,-,–
Indonesia,cage,ton,25.773,39.340,40.742,40.304,53.695,67.889,56.200,63.929,75.769,101.771,121.271,131.383,178.367,200.006,221.304,193.790
Aceh,floating cage,ton,,,,,-,-,345,479,289,200,555,271,316,480,240,300
Sumatera Utara,floating cage,ton,,,,,3.392,4.336,1.106,3.939,35.177,34.887,47.683,42.962,51.035,83.154,97.339,72.195
Sumatera Barat,floating cage,ton,,,,,4.839,5.070,8.378,10.825,48.164,24.769,35.849,36.664,52.929,45.123,49.483,73.526
Riau,floating cage,ton,,,,,-,163,-,-,40,98,87,16.875,26.020,23.401,25.152,25.315
Kepulauan Riau,floating cage,ton,,,,,761,949,4.729,8.073,9.896,10.981,11.960,11.930,42.821,47.793,12.677,12.029
Jambi,floating cage,ton,,,,,-,115,125,418,170,7.495,9.168,12.683,467,1.453,8.229,11.567
Sumatera Selatan,floating cage,ton,,,,,-,8,-,11,27,79,230,296,1,-,3.202,2.509
Kepulauan Bangka Belitung,floating cage,ton,,,,,797,1.080,1.249,1.040,1.270,1.482,2.145,2.747,-,-,3.698,3.385
Bengkulu,floating cage,ton,,,,,20,7,28,20,18,32,41,3,3.594,3.319,1,1
Lampung,floating cage,ton,,,,,-,-,-,-,-,-,-,-,10.870,15.371,-,–
DKI Jakarta,floating cage,ton,,,,,-,-,-,-,-,-,-,-,-,-,-,–
Jawa Barat,floating cage,ton,,,,,44.609,80.824,115.976,143.244,144.560,135.020,157.195,185.428,195.312,179.018,185.005,198.984
Jawa Tengah,floating cage,ton,,,,,-,6.737,6.965,7.169,9.864,11.067,15.990,21.823,29.346,28.701,41.833,44.749
DI Yogyakarta,floating cage,ton,,,,,-,192,147,18,17,10,13,22,14,16,1,0
Jawa Timur,floating cage,ton,,,,,-,-,1.323,1.372,1.910,2.155,2.557,9.281,11.700,12.726,11.694,11.361
Banten,floating cage,ton,,,,,120,99,147,211,144,655,862,1.989,2.452,1.118,977,1.113
Bali,floating cage,ton,,,,,111,115,145,165,396,519,1.811,3.533,2.890,4.098,4.359,4.687
Nusa Tenggara Barat,floating cage,ton,,,,,-,-,-,31,-,-,6.781,797,149,1.537,2.290,846
Nusa Tenggara Timur,floating cage,ton,,,,,-,-,-,-,-,-,-,-,-,-,-,–
Kalimantan Barat,floating cage,ton,,,,,-,30,-,3.521,173,273,2.213,10.928,2.866,3.227,2.943,3.933
Kalimantan Tengah,floating cage,ton,,,,,-,-,-,32,49,165,294,258,965,863,585,346
Kalimantan Selatan,floating cage,ton,,,,,129,212,424,503,596,959,2.945,6.940,8.496,5.991,8.681,7.835
Kalimantan Timur,floating cage,ton,,,,,-,-,-,49,9,4,-,-,-,61,3,1
Kalimantan Utara,floating cage,ton,,,,,,,,,,,,,,,,–
Sulawesi Utara,floating cage,ton,,,,,6.124,7.965,1.489,8.502,9.310,6.496,7.499,2.943,4.324,39.902,36.708,54.661
Sulawesi Tengah,floating cage,ton,,,,,923,923,-,-,-,-,-,-,-,630,91,58
Sulawesi Selatan,floating cage,ton,,,,,-,-,-,-,40,-,-,-,-,375,-,-
Sulawesi Tenggara,floating cage,ton,,,,,-,-,-,-,-,-,-,-,-,-,-,-
Gorontalo,floating cage,ton,,,,,533,583,664,1.021,871,1.097,3.273,6.577,8.189,5.928,4.916,4.716
Sulawesi Barat,floating cage,ton,,,,,,,-,-,-,-,4,4,-,-,-,–
Maluku,floating cage,ton,,,,,-,-,-,-,-,-,-,-,-,-,-,–
Maluku Utara,floating cage,ton,,,,,13,13,12,252,181,163,334,478,254,378,37,29
Papua Barat,floating cage,ton,,,,,-,-,-,-,-,-,11,-,-,3,-,7
Papua,floating cage,ton,,,,,-,-,-,-,-,-,-,-,-,583,731,1.518
Indonesia,floating cage,ton,,,,,62.371,109.421,143.251,190.893,263.169,238.606,309.499,375.430,455.012,505.248,500.873,535.673
Aceh,nets step,ton,,,,,,,,,,,,,,,673,800
Sumatera Utara,nets step,ton,,,,,,,,,,,,,,,-,2
Sumatera Barat,nets step,ton,,,,,,,,,,,,,,,345,945
Riau,nets step,ton,,,,,,,,,,,,,,,68,136
Kepulauan Riau,nets step,ton,,,,,,,,,,,,,,,-,41
Jambi,nets step,ton,,,,,,,,,,,,,,,52.056,26.785
Sumatera Selatan,nets step,ton,,,,,,,,,,,,,,,1.979,2.275
Kepulauan Bangka Belitung,nets step,ton,,,,,,,,,,,,,,,-,–
Bengkulu,nets step,ton,,,,,,,,,,,,,,,6,235
Lampung,nets step,ton,,,,,,,,,,,,,,,-,–
DKI Jakarta,nets step,ton,,,,,,,,,,,,,,,-,–
Jawa Barat,nets step,ton,,,,,,,,,,,,,,,-,–
Jawa Tengah,nets step,ton,,,,,,,,,,,,,,,-,–
DI Yogyakarta,nets step,ton,,,,,,,,,,,,,,,-,–
Jawa Timur,nets step,ton,,,,,,,,,,,,,,,-,–
Banten,nets step,ton,,,,,,,,,,,,,,,-,–
Bali,nets step,ton,,,,,,,,,,,,,,,-,–
Nusa Tenggara Barat,nets step,ton,,,,,,,,,,,,,,,16,–
Nusa Tenggara Timur,nets step,ton,,,,,,,,,,,,,,,-,–
Kalimantan Barat,nets step,ton,,,,,,,,,,,,,,,1.231,1.354
Kalimantan Tengah,nets step,ton,,,,,,,,,,,,,,,-,–
Kalimantan Selatan,nets step,ton,,,,,,,,,,,,,,,2.489,1.112
Kalimantan Timur,nets step,ton,,,,,,,,,,,,,,,-,–
Kalimantan Utara,nets step,ton,,,,,,,,,,,,,,,,–
Sulawesi Utara,nets step,ton,,,,,,,,,,,,,,,-,1.807
Sulawesi Tengah,nets step,ton,,,,,,,,,,,,,,,478,452
Sulawesi Selatan,nets step,ton,,,,,,,,,,,,,,,-,–
Sulawesi Tenggara,nets step,ton,,,,,,,,,,,,,,,-,–
Gorontalo,nets step,ton,,,,,,,,,,,,,,,6.615,4.909
Sulawesi Barat,nets step,ton,,,,,,,,,,,,,,,-,–
Maluku,nets step,ton,,,,,,,,,,,,,,,-,–
Maluku Utara,nets step,ton,,,,,,,,,,,,,,,-,–
Papua Barat,nets step,ton,,,,,,,,,,,,,,,-,–
Papua,nets step,ton,,,,,,,,,,,,,,,-,–
Indonesia,nets step,ton,,,,,,,,,,,,,,,65.955,40.852
Aceh,paddy field,ton,2.599,2.488,2.213,2.574,3.250,3.023,3.263,2.428,1.829,2.058,792,1.089,591,934,1.150,1.988
Sumatera Utara,paddy field,ton,6.388,6.374,6.226,5.748,4.526,6.302,5.213,9.623,9.083,7.950,4.987,4.816,8.249,10.204,9.152,8.744
Sumatera Barat,paddy field,ton,3.052,3.103,1.818,3.611,3.060,3.213,1.249,6.243,7.894,9.269,5.823,6.494,7.367,7.800,7.948,8.688
Riau,paddy field,ton,0,83,10,9,14,-,-,-,-,-,-,-,-,-,3,3
Kepulauan Riau,paddy field,ton,20,15,26,26,8,8,8,8,8,19,6,19,6.098,9.655,21,15
Jambi,paddy field,ton,2.847,3.379,4.189,3.996,1.072,7.925,8.598,8.873,9.425,10.660,15.491,24.681,8.646,6.315,12.560,12.130
Sumatera Selatan,paddy field,ton,2.117,2.117,1.471,1.811,1.834,1.602,2.872,2.357,2.860,2.300,3.614,8.266,-,-,5.501,5.254
Kepulauan Bangka Belitung,paddy field,ton,716,1.360,1.013,876,856,448,464,611,430,744,160,159,-,-,48,48
Bengkulu,paddy field,ton,-,-,-,-,-,-,-,-,-,-,-,-,56,50,-,–
Lampung,paddy field,ton,-,-,-,-,-,-,-,-,-,-,-,-,102,28,-,–
DKI Jakarta,paddy field,ton,-,-,-,-,-,-,-,-,-,-,-,-,-,-,-,–
Jawa Barat,paddy field,ton,49.062,52.555,38.661,43.869,39.664,34.519,27.529,26.223,23.309,31.784,32.660,25.556,22.646,27.065,30.532,34.179
Jawa Tengah,paddy field,ton,1.937,1.689,1.800,2.163,2.419,2.439,3.992,2.051,2.279,1.472,1.798,2.255,2.064,3.817,4.054,4.936
DI Yogyakarta,paddy field,ton,371,268,281,480,327,389,186,157,134,134,438,142,156,147,153,220
Jawa Timur,paddy field,ton,15.800,17.868,19.385,17.144,17.623,51.278,41.822,17.248,45.814,11.879,17.232,341,7.153,7.968,46.011,48.236
Banten,paddy field,ton,-,-,4.784,5.038,5.093,5.210,5.150,4.360,4.020,3.725,2.327,739,491,753,571,499
Bali,paddy field,ton,387,391,419,356,302,358,356,291,276,254,368,338,370,280,325,245
Nusa Tenggara Barat,paddy field,ton,898,548,406,309,246,97,965,89,142,139,127,242,703,936,617,874
Nusa Tenggara Timur,paddy field,ton,26,64,35,328,67,-,88,40,29,30,40,36,49,44,94,894
Kalimantan Barat,paddy field,ton,-,-,-,7,-,-,-,-,-,-,2,-,-,-,-,–
Kalimantan Tengah,paddy field,ton,72,-,-,91,81,129,665,-,-,-,175,2,4,3,-,–
Kalimantan Selatan,paddy field,ton,125,185,127,135,105,117,113,265,263,443,288,256,189,331,730,665
Kalimantan Timur,paddy field,ton,-,-,-,-,-,-,-,-,-,-,27,21,18,22,434,8
Kalimantan Utara,paddy field,ton,,,,,,,,,,,,,,,,–
Sulawesi Utara,paddy field,ton,1.999,2.023,1.275,1.283,1.159,1.159,1.426,1.485,1.623,2.701,7.834,8.484,12.956,16.353,17.304,13.056
Sulawesi Tengah,paddy field,ton,5,5,19,-,3,102,-,-,-,2,10,19,22,25,17,17
Sulawesi Selatan,paddy field,ton,4.642,3.626,2.468,3.924,4.119,2.024,1.686,2.276,1.801,1.144,2.126,2.255,2.627,3.114,5.285,5.350
Sulawesi Tenggara,paddy field,ton,-,-,-,-,-,9,-,-,-,-,-,-,-,-,-,–
Gorontalo,paddy field,ton,0,49,1,1,-,2,28,32,9,5,11,11,3,7,17,4
Sulawesi Barat,paddy field,ton,-,-,-,-,-,-,-,351,334,201,142,221,1.257,1.453,1.737,1.579
Maluku,paddy field,ton,-,-,-,-,3,-,-,-,-,-,-,-,-,-,-,–
Maluku Utara,paddy field,ton,-,-,-,-,-,-,-,-,-,-,-,-,-,-,-,–
Papua Barat,paddy field,ton,-,-,-,-,-,-,-,-,21,-,128,5,-,-,-,–
Papua,paddy field,ton,-,-,-,-,-,-,-,-,-,-,-,-,-,-,-,–
Indonesia,paddy field,ton,93.063,98.190,86.627,93.779,85.831,120.353,105.671,85.009,111.584,86.913,96.605,86.448,81.818,97.303,144.263,147.631
Aceh,total,ton,113.096,120.831,120.708,168.917,35.525,24.434,32.265,35.667,42.824,38.048,46.811,34.451,41.557,47.209,58.824,64.082
Sumatera Utara,total,ton,378.233,383.471,396.812,392.914,41.640,44.393,39.940,53.410,97.583,97.147,119.106,125.607,144.247,193.757,204.756,180.635
Sumatera Barat,total,ton,123.160,128.409,113.527,132.289,37.414,32.146,39.870,55.607,97.544,84.260,102.617,131.554,181.360,206.870,262.863,286.712
Riau,total,ton,306.628,329.116,342.277,352.098,35.622,26.686,27.459,28.861,29.950,38.897,44385r,61.337,68.794,74.343,86.053,87.297
Kepulauan Riau,total,ton,50.821,55.105,55.605,63.208,10.205,11.419,12.276,17.638,21.202,25.620,31.905,34.369,37.268,74.842,50.610,47.102
Jambi,total,ton,222.948,118.502,127.695,161.568,24.735,81.725,100.435,111.869,130.477,184.796,217.397,291.375,404.923,435.001,487.199,496.943
Sumatera Selatan,total,ton,33.599,35.064,33.814,39.137,7.152,7.514,7.782,9.427,13.342,14.182,18.628,33.806,44.916,45.985,62.661,74.879
Kepulauan Bangka Belitung,total,ton,188.558,191.432,192.912,214.021,89.284,139.743,175.845,189.980,186.158,106.990,98072r,119.228,120.744,152.539,152.310,116.774
Bengkulu,total,ton,-,128.080,136.762,144.536,791,719,966,903,1.502,2.077,2.490,6.474,8.108,2.160,4.199,4.305
Lampung,total,ton,-,-,-,-,-,5.034,1.408,5.394,4.998,5.026,16.818,7.257,25.281,29.383,27.366,33.516
DKI Jakarta,total,ton,106.092,108.737,108.269,123.294,3.778,8.882,4.921,5.779,6.401,2.909,50.366,34.142,8.054,6.764,9.990,9.387
Jawa Barat,total,ton,404.849,366.238,368.422,342.652,268.954,301.266,355.716,391.568,435.549,442.012,622.961,695.104,778.999,970.568,1.006.017,1.075.260
Jawa Tengah,total,ton,346.834,376.322,381.930,348.229,77.394,113.276,96.484,114.007,132.593,144.650,175995r,242.865,261.736,397.106,501.809,421.022
DI Yogyakarta,total,ton,6.939,6.532,7.847,10.502,6.220,9.131,9.672,11.949,14.741,17.682,39.582,44.542,50.260,58.025,64.964,69.174
Jawa Timur,total,ton,435.937,446.667,554.084,576.945,153.865,212.125,164.136,173.315,238.754,507.790,634.279,715.865,927.974,995.962,1.043.886,1.093.121
Banten,total,ton,0,128.541,84.768,78.910,22.370,27.308,28.681,34.332,38.776,35.503,86.777,91.741,87.134,99.428,105.635,105.426
Bali,total,ton,58.865,62.603,84.400,99.749,160.685,165.015,168.764,156.494,136.287,141.384,107.495,119.371,155.950,161.565,102.466,122.622
Nusa Tenggara Barat,total,ton,98.524,100.393,94.604,99.038,51.125,50.338,79.547,101.942,126.087,182.838,214.972,381.410,547.059,719.358,887.395,1.066.922
Nusa Tenggara Timur,total,ton,82.763,85.361,86.834,92.072,67.536,272.374,483.729,505.827,697.605,499.698,349.704,379.399,401.582,1.849.473,1.970.112,2.289.605
Kalimantan Barat,total,ton,77.313,80.446,80.932,79.431,4.785,15.500,7.693,9.268,14.891,15.205,27.200,29.972,37.084,79.522,87.936,65.266
Kalimantan Tengah,total,ton,91.339,93.707,95.278,78.751,4.576,6.159,6.517,6.417,8.624,14.988,24733r,31.772,42.579,54.600,60.849,69.330
Kalimantan Selatan,total,ton,162.107,164.617,169.354,174.628,13.791,13.725,15.009,22.564,25.322,46.043,63460r,76.903,91.029,96.646,118.256,127.152
Kalimantan Timur,total,ton,121.101,134.227,134.149,136.856,42.662,46.253,36.796,78.527,65.397,72.611,147.504,171.718,291.112,339.279,410.600,93.315
Kalimantan Utara,total,ton,,,,,,,,,,,,,,,,316.963
Sulawesi Utara,total,ton,197.534,192.889,206.852,193.669,19.881,22.642,15.119,20.907,23.364,26.127,75288r,151.549,212.160,322.863,429.543,478.702
Sulawesi Tengah,total,ton,101.087,88.125,66.777,89.829,22.226,136.487,182.129,202.750,299.642,728.161,744.280,781.378,929.215,1.324.445,1.218.406,1.396.701
Sulawesi Selatan,total,ton,453.580,450.589,468.917,476.882,153.894,339.424,514.892,717.848,738.640,865.899,1.357.368,1.633.274,2.235.007,2.592.136,3.103.434,3.479.420
Sulawesi Tenggara,total,ton,157.284,175.056,188.139,203.021,98.481,34.239,38.312,93.205,150.046,217.800,404.123,647.836,712.597,1.010.927,1.037.416,994.056
Gorontalo,total,ton,0,24.546,34.161,34.754,7.469,8.139,8.422,10.234,16.879,52.331,72281r,100.103,111.934,126.446,57.404,60.230
Sulawesi Barat,total,ton,-,-,-,-,-,-,15.481,5.489,12.133,25.342,29.801,40.315,48.514,55.074,67.549,89.730
Maluku,total,ton,361.433,217.850,171.798,373.882,3.416,869,3.592,17.836,37.380,53.110,275.754,612.505,477.484,592.053,501.582,725.278
Maluku Utara,total,ton,0,83.808,105.228,77.871,680,1.375,908,1.546,1.908,2.950,51.690,67.799,122.900,99.265,103.975,42.034
Papua Barat,total,ton,-,-,-,-,38,3.471,5.835,968,6.327,14.113,21.749,29.784,6.908,77.395,62.525,40.079
Papua,total,ton,208.147,214.370,220.762,249.465,2.416,1.867,1.996,2.039,2.275,2.375,2.338,4.157,61.086,9.136,10.543,11.055
Indonesia,total,ton,4.888.771,5.091.634,5.233.617,5.609.118,1.468.610,2.163.678,2.682.596,3.193.565,3.855.200,4.708.565,6277923r,7.928.962,9.675.553,13.300.126,14.359.129,15.634.093