Domain Code,Domain,Country Code,Country,Element Code,Element,Item Code,Item,Year Code,Year,Unit,Value,Flag,Flag Description
"BL","Commodity Balances - Livestock and Fish Primary Equivalent","5000","World","5520","Feed","2775","Aquatic Plants","1961","1961","tonnes","128622","A","Aggregate, may include official, semi-official, estimated or calculated data"
"BL","Commodity Balances - Livestock and Fish Primary Equivalent","5000","World","5520","Feed","2775","Aquatic Plants","1962","1962","tonnes","197087","A","Aggregate, may include official, semi-official, estimated or calculated data"
"BL","Commodity Balances - Livestock and Fish Primary Equivalent","5000","World","5520","Feed","2775","Aquatic Plants","1963","1963","tonnes","139509","A","Aggregate, may include official, semi-official, estimated or calculated data"
"BL","Commodity Balances - Livestock and Fish Primary Equivalent","5000","World","5520","Feed","2775","Aquatic Plants","1964","1964","tonnes","101861","A","Aggregate, may include official, semi-official, estimated or calculated data"
"BL","Commodity Balances - Livestock and Fish Primary Equivalent","5000","World","5520","Feed","2775","Aquatic Plants","1965","1965","tonnes","148913","A","Aggregate, may include official, semi-official, estimated or calculated data"
"BL","Commodity Balances - Livestock and Fish Primary Equivalent","5000","World","5520","Feed","2775","Aquatic Plants","1966","1966","tonnes","142157","A","Aggregate, may include official, semi-official, estimated or calculated data"
"BL","Commodity Balances - Livestock and Fish Primary Equivalent","5000","World","5520","Feed","2775","Aquatic Plants","1967","1967","tonnes","182739","A","Aggregate, may include official, semi-official, estimated or calculated data"
"BL","Commodity Balances - Livestock and Fish Primary Equivalent","5000","World","5520","Feed","2775","Aquatic Plants","1968","1968","tonnes","168052","A","Aggregate, may include official, semi-official, estimated or calculated data"
"BL","Commodity Balances - Livestock and Fish Primary Equivalent","5000","World","5520","Feed","2775","Aquatic Plants","1969","1969","tonnes","176648","A","Aggregate, may include official, semi-official, estimated or calculated data"
"BL","Commodity Balances - Livestock and Fish Primary Equivalent","5000","World","5520","Feed","2775","Aquatic Plants","1970","1970","tonnes","152861","A","Aggregate, may include official, semi-official, estimated or calculated data"
"BL","Commodity Balances - Livestock and Fish Primary Equivalent","5000","World","5520","Feed","2775","Aquatic Plants","1971","1971","tonnes","189757","A","Aggregate, may include official, semi-official, estimated or calculated data"
"BL","Commodity Balances - Livestock and Fish Primary Equivalent","5000","World","5520","Feed","2775","Aquatic Plants","1972","1972","tonnes","187148","A","Aggregate, may include official, semi-official, estimated or calculated data"
"BL","Commodity Balances - Livestock and Fish Primary Equivalent","5000","World","5520","Feed","2775","Aquatic Plants","1973","1973","tonnes","195135","A","Aggregate, may include official, semi-official, estimated or calculated data"
"BL","Commodity Balances - Livestock and Fish Primary Equivalent","5000","World","5520","Feed","2775","Aquatic Plants","1974","1974","tonnes","193458","A","Aggregate, may include official, semi-official, estimated or calculated data"
"BL","Commodity Balances - Livestock and Fish Primary Equivalent","5000","World","5520","Feed","2775","Aquatic Plants","1975","1975","tonnes","155685","A","Aggregate, may include official, semi-official, estimated or calculated data"
"BL","Commodity Balances - Livestock and Fish Primary Equivalent","5000","World","5520","Feed","2775","Aquatic Plants","1976","1976","tonnes","181488","A","Aggregate, may include official, semi-official, estimated or calculated data"
"BL","Commodity Balances - Livestock and Fish Primary Equivalent","5000","World","5520","Feed","2775","Aquatic Plants","1977","1977","tonnes","273709","A","Aggregate, may include official, semi-official, estimated or calculated data"
"BL","Commodity Balances - Livestock and Fish Primary Equivalent","5000","World","5520","Feed","2775","Aquatic Plants","1978","1978","tonnes","203830","A","Aggregate, may include official, semi-official, estimated or calculated data"
"BL","Commodity Balances - Livestock and Fish Primary Equivalent","5000","World","5520","Feed","2775","Aquatic Plants","1979","1979","tonnes","188261","A","Aggregate, may include official, semi-official, estimated or calculated data"
"BL","Commodity Balances - Livestock and Fish Primary Equivalent","5000","World","5520","Feed","2775","Aquatic Plants","1980","1980","tonnes","248552","A","Aggregate, may include official, semi-official, estimated or calculated data"
"BL","Commodity Balances - Livestock and Fish Primary Equivalent","5000","World","5520","Feed","2775","Aquatic Plants","1981","1981","tonnes","235322","A","Aggregate, may include official, semi-official, estimated or calculated data"
"BL","Commodity Balances - Livestock and Fish Primary Equivalent","5000","World","5520","Feed","2775","Aquatic Plants","1982","1982","tonnes","245382","A","Aggregate, may include official, semi-official, estimated or calculated data"
"BL","Commodity Balances - Livestock and Fish Primary Equivalent","5000","World","5520","Feed","2775","Aquatic Plants","1983","1983","tonnes","354046","A","Aggregate, may include official, semi-official, estimated or calculated data"
"BL","Commodity Balances - Livestock and Fish Primary Equivalent","5000","World","5520","Feed","2775","Aquatic Plants","1984","1984","tonnes","353743","A","Aggregate, may include official, semi-official, estimated or calculated data"
"BL","Commodity Balances - Livestock and Fish Primary Equivalent","5000","World","5520","Feed","2775","Aquatic Plants","1985","1985","tonnes","350710","A","Aggregate, may include official, semi-official, estimated or calculated data"
"BL","Commodity Balances - Livestock and Fish Primary Equivalent","5000","World","5520","Feed","2775","Aquatic Plants","1986","1986","tonnes","420198","A","Aggregate, may include official, semi-official, estimated or calculated data"
"BL","Commodity Balances - Livestock and Fish Primary Equivalent","5000","World","5520","Feed","2775","Aquatic Plants","1987","1987","tonnes","304544","A","Aggregate, may include official, semi-official, estimated or calculated data"
"BL","Commodity Balances - Livestock and Fish Primary Equivalent","5000","World","5520","Feed","2775","Aquatic Plants","1988","1988","tonnes","433018","A","Aggregate, may include official, semi-official, estimated or calculated data"
"BL","Commodity Balances - Livestock and Fish Primary Equivalent","5000","World","5520","Feed","2775","Aquatic Plants","1989","1989","tonnes","443598","A","Aggregate, may include official, semi-official, estimated or calculated data"
"BL","Commodity Balances - Livestock and Fish Primary Equivalent","5000","World","5520","Feed","2775","Aquatic Plants","1990","1990","tonnes","454776","A","Aggregate, may include official, semi-official, estimated or calculated data"
"BL","Commodity Balances - Livestock and Fish Primary Equivalent","5000","World","5520","Feed","2775","Aquatic Plants","1991","1991","tonnes","404453","A","Aggregate, may include official, semi-official, estimated or calculated data"
"BL","Commodity Balances - Livestock and Fish Primary Equivalent","5000","World","5520","Feed","2775","Aquatic Plants","1992","1992","tonnes","447073","A","Aggregate, may include official, semi-official, estimated or calculated data"
"BL","Commodity Balances - Livestock and Fish Primary Equivalent","5000","World","5520","Feed","2775","Aquatic Plants","1993","1993","tonnes","384375","A","Aggregate, may include official, semi-official, estimated or calculated data"
"BL","Commodity Balances - Livestock and Fish Primary Equivalent","5000","World","5520","Feed","2775","Aquatic Plants","1994","1994","tonnes","444785","A","Aggregate, may include official, semi-official, estimated or calculated data"
"BL","Commodity Balances - Livestock and Fish Primary Equivalent","5000","World","5520","Feed","2775","Aquatic Plants","1995","1995","tonnes","403767","A","Aggregate, may include official, semi-official, estimated or calculated data"
"BL","Commodity Balances - Livestock and Fish Primary Equivalent","5000","World","5520","Feed","2775","Aquatic Plants","1996","1996","tonnes","349359","A","Aggregate, may include official, semi-official, estimated or calculated data"
"BL","Commodity Balances - Livestock and Fish Primary Equivalent","5000","World","5520","Feed","2775","Aquatic Plants","1997","1997","tonnes","369727","A","Aggregate, may include official, semi-official, estimated or calculated data"
"BL","Commodity Balances - Livestock and Fish Primary Equivalent","5000","World","5520","Feed","2775","Aquatic Plants","1998","1998","tonnes","358746","A","Aggregate, may include official, semi-official, estimated or calculated data"
"BL","Commodity Balances - Livestock and Fish Primary Equivalent","5000","World","5520","Feed","2775","Aquatic Plants","1999","1999","tonnes","353549","A","Aggregate, may include official, semi-official, estimated or calculated data"
"BL","Commodity Balances - Livestock and Fish Primary Equivalent","5000","World","5520","Feed","2775","Aquatic Plants","2000","2000","tonnes","369407","A","Aggregate, may include official, semi-official, estimated or calculated data"
"BL","Commodity Balances - Livestock and Fish Primary Equivalent","5000","World","5520","Feed","2775","Aquatic Plants","2001","2001","tonnes","351008","A","Aggregate, may include official, semi-official, estimated or calculated data"
"BL","Commodity Balances - Livestock and Fish Primary Equivalent","5000","World","5520","Feed","2775","Aquatic Plants","2002","2002","tonnes","380316","A","Aggregate, may include official, semi-official, estimated or calculated data"
"BL","Commodity Balances - Livestock and Fish Primary Equivalent","5000","World","5520","Feed","2775","Aquatic Plants","2003","2003","tonnes","333293","A","Aggregate, may include official, semi-official, estimated or calculated data"
"BL","Commodity Balances - Livestock and Fish Primary Equivalent","5000","World","5520","Feed","2775","Aquatic Plants","2004","2004","tonnes","332417","A","Aggregate, may include official, semi-official, estimated or calculated data"
"BL","Commodity Balances - Livestock and Fish Primary Equivalent","5000","World","5520","Feed","2775","Aquatic Plants","2005","2005","tonnes","330551","A","Aggregate, may include official, semi-official, estimated or calculated data"
"BL","Commodity Balances - Livestock and Fish Primary Equivalent","5000","World","5520","Feed","2775","Aquatic Plants","2006","2006","tonnes","320754","A","Aggregate, may include official, semi-official, estimated or calculated data"
"BL","Commodity Balances - Livestock and Fish Primary Equivalent","5000","World","5520","Feed","2775","Aquatic Plants","2007","2007","tonnes","306253","A","Aggregate, may include official, semi-official, estimated or calculated data"
"BL","Commodity Balances - Livestock and Fish Primary Equivalent","5000","World","5520","Feed","2775","Aquatic Plants","2008","2008","tonnes","312565","A","Aggregate, may include official, semi-official, estimated or calculated data"
"BL","Commodity Balances - Livestock and Fish Primary Equivalent","5000","World","5520","Feed","2775","Aquatic Plants","2009","2009","tonnes","319455","A","Aggregate, may include official, semi-official, estimated or calculated data"
"BL","Commodity Balances - Livestock and Fish Primary Equivalent","5000","World","5520","Feed","2775","Aquatic Plants","2010","2010","tonnes","317847","A","Aggregate, may include official, semi-official, estimated or calculated data"
"BL","Commodity Balances - Livestock and Fish Primary Equivalent","5000","World","5520","Feed","2775","Aquatic Plants","2011","2011","tonnes","312136","A","Aggregate, may include official, semi-official, estimated or calculated data"
"BL","Commodity Balances - Livestock and Fish Primary Equivalent","5000","World","5520","Feed","2775","Aquatic Plants","2012","2012","tonnes","300163","A","Aggregate, may include official, semi-official, estimated or calculated data"
"BL","Commodity Balances - Livestock and Fish Primary Equivalent","5000","World","5520","Feed","2775","Aquatic Plants","2013","2013","tonnes","312068","A","Aggregate, may include official, semi-official, estimated or calculated data"
"BL","Commodity Balances - Livestock and Fish Primary Equivalent","5000","World","5520","Feed","2765","Crustaceans","1961","1961","tonnes","23900","A","Aggregate, may include official, semi-official, estimated or calculated data"
"BL","Commodity Balances - Livestock and Fish Primary Equivalent","5000","World","5520","Feed","2765","Crustaceans","1962","1962","tonnes","22100","A","Aggregate, may include official, semi-official, estimated or calculated data"
"BL","Commodity Balances - Livestock and Fish Primary Equivalent","5000","World","5520","Feed","2765","Crustaceans","1963","1963","tonnes","39200","A","Aggregate, may include official, semi-official, estimated or calculated data"
"BL","Commodity Balances - Livestock and Fish Primary Equivalent","5000","World","5520","Feed","2765","Crustaceans","1964","1964","tonnes","25950","A","Aggregate, may include official, semi-official, estimated or calculated data"
"BL","Commodity Balances - Livestock and Fish Primary Equivalent","5000","World","5520","Feed","2765","Crustaceans","1965","1965","tonnes","28400","A","Aggregate, may include official, semi-official, estimated or calculated data"
"BL","Commodity Balances - Livestock and Fish Primary Equivalent","5000","World","5520","Feed","2765","Crustaceans","1966","1966","tonnes","40400","A","Aggregate, may include official, semi-official, estimated or calculated data"
"BL","Commodity Balances - Livestock and Fish Primary Equivalent","5000","World","5520","Feed","2765","Crustaceans","1967","1967","tonnes","19000","A","Aggregate, may include official, semi-official, estimated or calculated data"
"BL","Commodity Balances - Livestock and Fish Primary Equivalent","5000","World","5520","Feed","2765","Crustaceans","1968","1968","tonnes","24100","A","Aggregate, may include official, semi-official, estimated or calculated data"
"BL","Commodity Balances - Livestock and Fish Primary Equivalent","5000","World","5520","Feed","2765","Crustaceans","1969","1969","tonnes","18500","A","Aggregate, may include official, semi-official, estimated or calculated data"
"BL","Commodity Balances - Livestock and Fish Primary Equivalent","5000","World","5520","Feed","2765","Crustaceans","1970","1970","tonnes","29800","A","Aggregate, may include official, semi-official, estimated or calculated data"
"BL","Commodity Balances - Livestock and Fish Primary Equivalent","5000","World","5520","Feed","2765","Crustaceans","1971","1971","tonnes","18700","A","Aggregate, may include official, semi-official, estimated or calculated data"
"BL","Commodity Balances - Livestock and Fish Primary Equivalent","5000","World","5520","Feed","2765","Crustaceans","1972","1972","tonnes","19720","A","Aggregate, may include official, semi-official, estimated or calculated data"
"BL","Commodity Balances - Livestock and Fish Primary Equivalent","5000","World","5520","Feed","2765","Crustaceans","1973","1973","tonnes","26700","A","Aggregate, may include official, semi-official, estimated or calculated data"
"BL","Commodity Balances - Livestock and Fish Primary Equivalent","5000","World","5520","Feed","2765","Crustaceans","1974","1974","tonnes","49209","A","Aggregate, may include official, semi-official, estimated or calculated data"
"BL","Commodity Balances - Livestock and Fish Primary Equivalent","5000","World","5520","Feed","2765","Crustaceans","1975","1975","tonnes","56743","A","Aggregate, may include official, semi-official, estimated or calculated data"
"BL","Commodity Balances - Livestock and Fish Primary Equivalent","5000","World","5520","Feed","2765","Crustaceans","1976","1976","tonnes","1120","A","Aggregate, may include official, semi-official, estimated or calculated data"
"BL","Commodity Balances - Livestock and Fish Primary Equivalent","5000","World","5520","Feed","2765","Crustaceans","1977","1977","tonnes","1640","A","Aggregate, may include official, semi-official, estimated or calculated data"
"BL","Commodity Balances - Livestock and Fish Primary Equivalent","5000","World","5520","Feed","2765","Crustaceans","1978","1978","tonnes","10205","A","Aggregate, may include official, semi-official, estimated or calculated data"
"BL","Commodity Balances - Livestock and Fish Primary Equivalent","5000","World","5520","Feed","2765","Crustaceans","1979","1979","tonnes","34465","A","Aggregate, may include official, semi-official, estimated or calculated data"
"BL","Commodity Balances - Livestock and Fish Primary Equivalent","5000","World","5520","Feed","2765","Crustaceans","1980","1980","tonnes","151670","A","Aggregate, may include official, semi-official, estimated or calculated data"
"BL","Commodity Balances - Livestock and Fish Primary Equivalent","5000","World","5520","Feed","2765","Crustaceans","1981","1981","tonnes","150865","A","Aggregate, may include official, semi-official, estimated or calculated data"
"BL","Commodity Balances - Livestock and Fish Primary Equivalent","5000","World","5520","Feed","2765","Crustaceans","1982","1982","tonnes","123440","A","Aggregate, may include official, semi-official, estimated or calculated data"
"BL","Commodity Balances - Livestock and Fish Primary Equivalent","5000","World","5520","Feed","2765","Crustaceans","1983","1983","tonnes","78175","A","Aggregate, may include official, semi-official, estimated or calculated data"
"BL","Commodity Balances - Livestock and Fish Primary Equivalent","5000","World","5520","Feed","2765","Crustaceans","1984","1984","tonnes","30390","A","Aggregate, may include official, semi-official, estimated or calculated data"
"BL","Commodity Balances - Livestock and Fish Primary Equivalent","5000","World","5520","Feed","2765","Crustaceans","1985","1985","tonnes","62600","A","Aggregate, may include official, semi-official, estimated or calculated data"
"BL","Commodity Balances - Livestock and Fish Primary Equivalent","5000","World","5520","Feed","2765","Crustaceans","1986","1986","tonnes","109373","A","Aggregate, may include official, semi-official, estimated or calculated data"
"BL","Commodity Balances - Livestock and Fish Primary Equivalent","5000","World","5520","Feed","2765","Crustaceans","1987","1987","tonnes","106160","A","Aggregate, may include official, semi-official, estimated or calculated data"
"BL","Commodity Balances - Livestock and Fish Primary Equivalent","5000","World","5520","Feed","2765","Crustaceans","1988","1988","tonnes","125670","A","Aggregate, may include official, semi-official, estimated or calculated data"
"BL","Commodity Balances - Livestock and Fish Primary Equivalent","5000","World","5520","Feed","2765","Crustaceans","1989","1989","tonnes","111375","A","Aggregate, may include official, semi-official, estimated or calculated data"
"BL","Commodity Balances - Livestock and Fish Primary Equivalent","5000","World","5520","Feed","2765","Crustaceans","1990","1990","tonnes","135054","A","Aggregate, may include official, semi-official, estimated or calculated data"
"BL","Commodity Balances - Livestock and Fish Primary Equivalent","5000","World","5520","Feed","2765","Crustaceans","1991","1991","tonnes","116552","A","Aggregate, may include official, semi-official, estimated or calculated data"
"BL","Commodity Balances - Livestock and Fish Primary Equivalent","5000","World","5520","Feed","2765","Crustaceans","1992","1992","tonnes","89313","A","Aggregate, may include official, semi-official, estimated or calculated data"
"BL","Commodity Balances - Livestock and Fish Primary Equivalent","5000","World","5520","Feed","2765","Crustaceans","1993","1993","tonnes","16065","A","Aggregate, may include official, semi-official, estimated or calculated data"
"BL","Commodity Balances - Livestock and Fish Primary Equivalent","5000","World","5520","Feed","2765","Crustaceans","1994","1994","tonnes","16448","A","Aggregate, may include official, semi-official, estimated or calculated data"
"BL","Commodity Balances - Livestock and Fish Primary Equivalent","5000","World","5520","Feed","2765","Crustaceans","1995","1995","tonnes","39591","A","Aggregate, may include official, semi-official, estimated or calculated data"
"BL","Commodity Balances - Livestock and Fish Primary Equivalent","5000","World","5520","Feed","2765","Crustaceans","1996","1996","tonnes","17615","A","Aggregate, may include official, semi-official, estimated or calculated data"
"BL","Commodity Balances - Livestock and Fish Primary Equivalent","5000","World","5520","Feed","2765","Crustaceans","1997","1997","tonnes","12516","A","Aggregate, may include official, semi-official, estimated or calculated data"
"BL","Commodity Balances - Livestock and Fish Primary Equivalent","5000","World","5520","Feed","2765","Crustaceans","1998","1998","tonnes","3743","A","Aggregate, may include official, semi-official, estimated or calculated data"
"BL","Commodity Balances - Livestock and Fish Primary Equivalent","5000","World","5520","Feed","2765","Crustaceans","1999","1999","tonnes","20526","A","Aggregate, may include official, semi-official, estimated or calculated data"
"BL","Commodity Balances - Livestock and Fish Primary Equivalent","5000","World","5520","Feed","2765","Crustaceans","2000","2000","tonnes","17448","A","Aggregate, may include official, semi-official, estimated or calculated data"
"BL","Commodity Balances - Livestock and Fish Primary Equivalent","5000","World","5520","Feed","2765","Crustaceans","2001","2001","tonnes","18742","A","Aggregate, may include official, semi-official, estimated or calculated data"
"BL","Commodity Balances - Livestock and Fish Primary Equivalent","5000","World","5520","Feed","2765","Crustaceans","2002","2002","tonnes","7177","A","Aggregate, may include official, semi-official, estimated or calculated data"
"BL","Commodity Balances - Livestock and Fish Primary Equivalent","5000","World","5520","Feed","2765","Crustaceans","2003","2003","tonnes","3150","A","Aggregate, may include official, semi-official, estimated or calculated data"
"BL","Commodity Balances - Livestock and Fish Primary Equivalent","5000","World","5520","Feed","2765","Crustaceans","2004","2004","tonnes","204213","A","Aggregate, may include official, semi-official, estimated or calculated data"
"BL","Commodity Balances - Livestock and Fish Primary Equivalent","5000","World","5520","Feed","2765","Crustaceans","2005","2005","tonnes","42294","A","Aggregate, may include official, semi-official, estimated or calculated data"
"BL","Commodity Balances - Livestock and Fish Primary Equivalent","5000","World","5520","Feed","2765","Crustaceans","2006","2006","tonnes","148181","A","Aggregate, may include official, semi-official, estimated or calculated data"
"BL","Commodity Balances - Livestock and Fish Primary Equivalent","5000","World","5520","Feed","2765","Crustaceans","2007","2007","tonnes","90038","A","Aggregate, may include official, semi-official, estimated or calculated data"
"BL","Commodity Balances - Livestock and Fish Primary Equivalent","5000","World","5520","Feed","2765","Crustaceans","2008","2008","tonnes","148992","A","Aggregate, may include official, semi-official, estimated or calculated data"
"BL","Commodity Balances - Livestock and Fish Primary Equivalent","5000","World","5520","Feed","2765","Crustaceans","2009","2009","tonnes","131996","A","Aggregate, may include official, semi-official, estimated or calculated data"
"BL","Commodity Balances - Livestock and Fish Primary Equivalent","5000","World","5520","Feed","2765","Crustaceans","2010","2010","tonnes","258789","A","Aggregate, may include official, semi-official, estimated or calculated data"
"BL","Commodity Balances - Livestock and Fish Primary Equivalent","5000","World","5520","Feed","2765","Crustaceans","2011","2011","tonnes","268143","A","Aggregate, may include official, semi-official, estimated or calculated data"
"BL","Commodity Balances - Livestock and Fish Primary Equivalent","5000","World","5520","Feed","2765","Crustaceans","2012","2012","tonnes","264509","A","Aggregate, may include official, semi-official, estimated or calculated data"
"BL","Commodity Balances - Livestock and Fish Primary Equivalent","5000","World","5520","Feed","2765","Crustaceans","2013","2013","tonnes","277634","A","Aggregate, may include official, semi-official, estimated or calculated data"
"BL","Commodity Balances - Livestock and Fish Primary Equivalent","5000","World","5520","Feed","2762","Demersal Fish","1961","1961","tonnes","786132","A","Aggregate, may include official, semi-official, estimated or calculated data"
"BL","Commodity Balances - Livestock and Fish Primary Equivalent","5000","World","5520","Feed","2762","Demersal Fish","1962","1962","tonnes","797999","A","Aggregate, may include official, semi-official, estimated or calculated data"
"BL","Commodity Balances - Livestock and Fish Primary Equivalent","5000","World","5520","Feed","2762","Demersal Fish","1963","1963","tonnes","657811","A","Aggregate, may include official, semi-official, estimated or calculated data"
"BL","Commodity Balances - Livestock and Fish Primary Equivalent","5000","World","5520","Feed","2762","Demersal Fish","1964","1964","tonnes","789197","A","Aggregate, may include official, semi-official, estimated or calculated data"
"BL","Commodity Balances - Livestock and Fish Primary Equivalent","5000","World","5520","Feed","2762","Demersal Fish","1965","1965","tonnes","938322","A","Aggregate, may include official, semi-official, estimated or calculated data"
"BL","Commodity Balances - Livestock and Fish Primary Equivalent","5000","World","5520","Feed","2762","Demersal Fish","1966","1966","tonnes","1145161","A","Aggregate, may include official, semi-official, estimated or calculated data"
"BL","Commodity Balances - Livestock and Fish Primary Equivalent","5000","World","5520","Feed","2762","Demersal Fish","1967","1967","tonnes","1464870","A","Aggregate, may include official, semi-official, estimated or calculated data"
"BL","Commodity Balances - Livestock and Fish Primary Equivalent","5000","World","5520","Feed","2762","Demersal Fish","1968","1968","tonnes","1545226","A","Aggregate, may include official, semi-official, estimated or calculated data"
"BL","Commodity Balances - Livestock and Fish Primary Equivalent","5000","World","5520","Feed","2762","Demersal Fish","1969","1969","tonnes","1893587","A","Aggregate, may include official, semi-official, estimated or calculated data"
"BL","Commodity Balances - Livestock and Fish Primary Equivalent","5000","World","5520","Feed","2762","Demersal Fish","1970","1970","tonnes","2432756","A","Aggregate, may include official, semi-official, estimated or calculated data"
"BL","Commodity Balances - Livestock and Fish Primary Equivalent","5000","World","5520","Feed","2762","Demersal Fish","1971","1971","tonnes","2701160","A","Aggregate, may include official, semi-official, estimated or calculated data"
"BL","Commodity Balances - Livestock and Fish Primary Equivalent","5000","World","5520","Feed","2762","Demersal Fish","1972","1972","tonnes","2296308","A","Aggregate, may include official, semi-official, estimated or calculated data"
"BL","Commodity Balances - Livestock and Fish Primary Equivalent","5000","World","5520","Feed","2762","Demersal Fish","1973","1973","tonnes","2942424","A","Aggregate, may include official, semi-official, estimated or calculated data"
"BL","Commodity Balances - Livestock and Fish Primary Equivalent","5000","World","5520","Feed","2762","Demersal Fish","1974","1974","tonnes","2854686","A","Aggregate, may include official, semi-official, estimated or calculated data"
"BL","Commodity Balances - Livestock and Fish Primary Equivalent","5000","World","5520","Feed","2762","Demersal Fish","1975","1975","tonnes","2488583","A","Aggregate, may include official, semi-official, estimated or calculated data"
"BL","Commodity Balances - Livestock and Fish Primary Equivalent","5000","World","5520","Feed","2762","Demersal Fish","1976","1976","tonnes","1755429","A","Aggregate, may include official, semi-official, estimated or calculated data"
"BL","Commodity Balances - Livestock and Fish Primary Equivalent","5000","World","5520","Feed","2762","Demersal Fish","1977","1977","tonnes","1621138","A","Aggregate, may include official, semi-official, estimated or calculated data"
"BL","Commodity Balances - Livestock and Fish Primary Equivalent","5000","World","5520","Feed","2762","Demersal Fish","1978","1978","tonnes","1645627","A","Aggregate, may include official, semi-official, estimated or calculated data"
"BL","Commodity Balances - Livestock and Fish Primary Equivalent","5000","World","5520","Feed","2762","Demersal Fish","1979","1979","tonnes","1663034","A","Aggregate, may include official, semi-official, estimated or calculated data"
"BL","Commodity Balances - Livestock and Fish Primary Equivalent","5000","World","5520","Feed","2762","Demersal Fish","1980","1980","tonnes","1772570","A","Aggregate, may include official, semi-official, estimated or calculated data"
"BL","Commodity Balances - Livestock and Fish Primary Equivalent","5000","World","5520","Feed","2762","Demersal Fish","1981","1981","tonnes","1486837","A","Aggregate, may include official, semi-official, estimated or calculated data"
"BL","Commodity Balances - Livestock and Fish Primary Equivalent","5000","World","5520","Feed","2762","Demersal Fish","1982","1982","tonnes","1704585","A","Aggregate, may include official, semi-official, estimated or calculated data"
"BL","Commodity Balances - Livestock and Fish Primary Equivalent","5000","World","5520","Feed","2762","Demersal Fish","1983","1983","tonnes","1415831","A","Aggregate, may include official, semi-official, estimated or calculated data"
"BL","Commodity Balances - Livestock and Fish Primary Equivalent","5000","World","5520","Feed","2762","Demersal Fish","1984","1984","tonnes","1695952","A","Aggregate, may include official, semi-official, estimated or calculated data"
"BL","Commodity Balances - Livestock and Fish Primary Equivalent","5000","World","5520","Feed","2762","Demersal Fish","1985","1985","tonnes","1830504","A","Aggregate, may include official, semi-official, estimated or calculated data"
"BL","Commodity Balances - Livestock and Fish Primary Equivalent","5000","World","5520","Feed","2762","Demersal Fish","1986","1986","tonnes","2102927","A","Aggregate, may include official, semi-official, estimated or calculated data"
"BL","Commodity Balances - Livestock and Fish Primary Equivalent","5000","World","5520","Feed","2762","Demersal Fish","1987","1987","tonnes","2036336","A","Aggregate, may include official, semi-official, estimated or calculated data"
"BL","Commodity Balances - Livestock and Fish Primary Equivalent","5000","World","5520","Feed","2762","Demersal Fish","1988","1988","tonnes","2250656","A","Aggregate, may include official, semi-official, estimated or calculated data"
"BL","Commodity Balances - Livestock and Fish Primary Equivalent","5000","World","5520","Feed","2762","Demersal Fish","1989","1989","tonnes","2386112","A","Aggregate, may include official, semi-official, estimated or calculated data"
"BL","Commodity Balances - Livestock and Fish Primary Equivalent","5000","World","5520","Feed","2762","Demersal Fish","1990","1990","tonnes","2079050","A","Aggregate, may include official, semi-official, estimated or calculated data"
"BL","Commodity Balances - Livestock and Fish Primary Equivalent","5000","World","5520","Feed","2762","Demersal Fish","1991","1991","tonnes","1977918","A","Aggregate, may include official, semi-official, estimated or calculated data"
"BL","Commodity Balances - Livestock and Fish Primary Equivalent","5000","World","5520","Feed","2762","Demersal Fish","1992","1992","tonnes","2198011","A","Aggregate, may include official, semi-official, estimated or calculated data"
"BL","Commodity Balances - Livestock and Fish Primary Equivalent","5000","World","5520","Feed","2762","Demersal Fish","1993","1993","tonnes","1700808","A","Aggregate, may include official, semi-official, estimated or calculated data"
"BL","Commodity Balances - Livestock and Fish Primary Equivalent","5000","World","5520","Feed","2762","Demersal Fish","1994","1994","tonnes","1608191","A","Aggregate, may include official, semi-official, estimated or calculated data"
"BL","Commodity Balances - Livestock and Fish Primary Equivalent","5000","World","5520","Feed","2762","Demersal Fish","1995","1995","tonnes","1962970","A","Aggregate, may include official, semi-official, estimated or calculated data"
"BL","Commodity Balances - Livestock and Fish Primary Equivalent","5000","World","5520","Feed","2762","Demersal Fish","1996","1996","tonnes","2090971","A","Aggregate, may include official, semi-official, estimated or calculated data"
"BL","Commodity Balances - Livestock and Fish Primary Equivalent","5000","World","5520","Feed","2762","Demersal Fish","1997","1997","tonnes","1922115","A","Aggregate, may include official, semi-official, estimated or calculated data"
"BL","Commodity Balances - Livestock and Fish Primary Equivalent","5000","World","5520","Feed","2762","Demersal Fish","1998","1998","tonnes","2220673","A","Aggregate, may include official, semi-official, estimated or calculated data"
"BL","Commodity Balances - Livestock and Fish Primary Equivalent","5000","World","5520","Feed","2762","Demersal Fish","1999","1999","tonnes","2009248","A","Aggregate, may include official, semi-official, estimated or calculated data"
"BL","Commodity Balances - Livestock and Fish Primary Equivalent","5000","World","5520","Feed","2762","Demersal Fish","2000","2000","tonnes","1764034","A","Aggregate, may include official, semi-official, estimated or calculated data"
"BL","Commodity Balances - Livestock and Fish Primary Equivalent","5000","World","5520","Feed","2762","Demersal Fish","2001","2001","tonnes","1801697","A","Aggregate, may include official, semi-official, estimated or calculated data"
"BL","Commodity Balances - Livestock and Fish Primary Equivalent","5000","World","5520","Feed","2762","Demersal Fish","2002","2002","tonnes","1377326","A","Aggregate, may include official, semi-official, estimated or calculated data"
"BL","Commodity Balances - Livestock and Fish Primary Equivalent","5000","World","5520","Feed","2762","Demersal Fish","2003","2003","tonnes","1652609","A","Aggregate, may include official, semi-official, estimated or calculated data"
"BL","Commodity Balances - Livestock and Fish Primary Equivalent","5000","World","5520","Feed","2762","Demersal Fish","2004","2004","tonnes","1599881","A","Aggregate, may include official, semi-official, estimated or calculated data"
"BL","Commodity Balances - Livestock and Fish Primary Equivalent","5000","World","5520","Feed","2762","Demersal Fish","2005","2005","tonnes","1617562","A","Aggregate, may include official, semi-official, estimated or calculated data"
"BL","Commodity Balances - Livestock and Fish Primary Equivalent","5000","World","5520","Feed","2762","Demersal Fish","2006","2006","tonnes","1802889","A","Aggregate, may include official, semi-official, estimated or calculated data"
"BL","Commodity Balances - Livestock and Fish Primary Equivalent","5000","World","5520","Feed","2762","Demersal Fish","2007","2007","tonnes","1473824","A","Aggregate, may include official, semi-official, estimated or calculated data"
"BL","Commodity Balances - Livestock and Fish Primary Equivalent","5000","World","5520","Feed","2762","Demersal Fish","2008","2008","tonnes","1289150","A","Aggregate, may include official, semi-official, estimated or calculated data"
"BL","Commodity Balances - Livestock and Fish Primary Equivalent","5000","World","5520","Feed","2762","Demersal Fish","2009","2009","tonnes","1128152","A","Aggregate, may include official, semi-official, estimated or calculated data"
"BL","Commodity Balances - Livestock and Fish Primary Equivalent","5000","World","5520","Feed","2762","Demersal Fish","2010","2010","tonnes","1126047","A","Aggregate, may include official, semi-official, estimated or calculated data"
"BL","Commodity Balances - Livestock and Fish Primary Equivalent","5000","World","5520","Feed","2762","Demersal Fish","2011","2011","tonnes","1112990","A","Aggregate, may include official, semi-official, estimated or calculated data"
"BL","Commodity Balances - Livestock and Fish Primary Equivalent","5000","World","5520","Feed","2762","Demersal Fish","2012","2012","tonnes","1057696","A","Aggregate, may include official, semi-official, estimated or calculated data"
"BL","Commodity Balances - Livestock and Fish Primary Equivalent","5000","World","5520","Feed","2762","Demersal Fish","2013","2013","tonnes","1123624","A","Aggregate, may include official, semi-official, estimated or calculated data"
"BL","Commodity Balances - Livestock and Fish Primary Equivalent","5000","World","5520","Feed","2761","Freshwater Fish","1961","1961","tonnes","9517","A","Aggregate, may include official, semi-official, estimated or calculated data"
"BL","Commodity Balances - Livestock and Fish Primary Equivalent","5000","World","5520","Feed","2761","Freshwater Fish","1962","1962","tonnes","11460","A","Aggregate, may include official, semi-official, estimated or calculated data"
"BL","Commodity Balances - Livestock and Fish Primary Equivalent","5000","World","5520","Feed","2761","Freshwater Fish","1963","1963","tonnes","4650","A","Aggregate, may include official, semi-official, estimated or calculated data"
"BL","Commodity Balances - Livestock and Fish Primary Equivalent","5000","World","5520","Feed","2761","Freshwater Fish","1964","1964","tonnes","29300","A","Aggregate, may include official, semi-official, estimated or calculated data"
"BL","Commodity Balances - Livestock and Fish Primary Equivalent","5000","World","5520","Feed","2761","Freshwater Fish","1965","1965","tonnes","28300","A","Aggregate, may include official, semi-official, estimated or calculated data"
"BL","Commodity Balances - Livestock and Fish Primary Equivalent","5000","World","5520","Feed","2761","Freshwater Fish","1966","1966","tonnes","41300","A","Aggregate, may include official, semi-official, estimated or calculated data"
"BL","Commodity Balances - Livestock and Fish Primary Equivalent","5000","World","5520","Feed","2761","Freshwater Fish","1967","1967","tonnes","46900","A","Aggregate, may include official, semi-official, estimated or calculated data"
"BL","Commodity Balances - Livestock and Fish Primary Equivalent","5000","World","5520","Feed","2761","Freshwater Fish","1968","1968","tonnes","34633","A","Aggregate, may include official, semi-official, estimated or calculated data"
"BL","Commodity Balances - Livestock and Fish Primary Equivalent","5000","World","5520","Feed","2761","Freshwater Fish","1969","1969","tonnes","24375","A","Aggregate, may include official, semi-official, estimated or calculated data"
"BL","Commodity Balances - Livestock and Fish Primary Equivalent","5000","World","5520","Feed","2761","Freshwater Fish","1970","1970","tonnes","43100","A","Aggregate, may include official, semi-official, estimated or calculated data"
"BL","Commodity Balances - Livestock and Fish Primary Equivalent","5000","World","5520","Feed","2761","Freshwater Fish","1971","1971","tonnes","32000","A","Aggregate, may include official, semi-official, estimated or calculated data"
"BL","Commodity Balances - Livestock and Fish Primary Equivalent","5000","World","5520","Feed","2761","Freshwater Fish","1972","1972","tonnes","37400","A","Aggregate, may include official, semi-official, estimated or calculated data"
"BL","Commodity Balances - Livestock and Fish Primary Equivalent","5000","World","5520","Feed","2761","Freshwater Fish","1973","1973","tonnes","38900","A","Aggregate, may include official, semi-official, estimated or calculated data"
"BL","Commodity Balances - Livestock and Fish Primary Equivalent","5000","World","5520","Feed","2761","Freshwater Fish","1974","1974","tonnes","43325","A","Aggregate, may include official, semi-official, estimated or calculated data"
"BL","Commodity Balances - Livestock and Fish Primary Equivalent","5000","World","5520","Feed","2761","Freshwater Fish","1975","1975","tonnes","21595","A","Aggregate, may include official, semi-official, estimated or calculated data"
"BL","Commodity Balances - Livestock and Fish Primary Equivalent","5000","World","5520","Feed","2761","Freshwater Fish","1976","1976","tonnes","5018","A","Aggregate, may include official, semi-official, estimated or calculated data"
"BL","Commodity Balances - Livestock and Fish Primary Equivalent","5000","World","5520","Feed","2761","Freshwater Fish","1977","1977","tonnes","6634","A","Aggregate, may include official, semi-official, estimated or calculated data"
"BL","Commodity Balances - Livestock and Fish Primary Equivalent","5000","World","5520","Feed","2761","Freshwater Fish","1978","1978","tonnes","6834","A","Aggregate, may include official, semi-official, estimated or calculated data"
"BL","Commodity Balances - Livestock and Fish Primary Equivalent","5000","World","5520","Feed","2761","Freshwater Fish","1979","1979","tonnes","14706","A","Aggregate, may include official, semi-official, estimated or calculated data"
"BL","Commodity Balances - Livestock and Fish Primary Equivalent","5000","World","5520","Feed","2761","Freshwater Fish","1980","1980","tonnes","55685","A","Aggregate, may include official, semi-official, estimated or calculated data"
"BL","Commodity Balances - Livestock and Fish Primary Equivalent","5000","World","5520","Feed","2761","Freshwater Fish","1981","1981","tonnes","54908","A","Aggregate, may include official, semi-official, estimated or calculated data"
"BL","Commodity Balances - Livestock and Fish Primary Equivalent","5000","World","5520","Feed","2761","Freshwater Fish","1982","1982","tonnes","55865","A","Aggregate, may include official, semi-official, estimated or calculated data"
"BL","Commodity Balances - Livestock and Fish Primary Equivalent","5000","World","5520","Feed","2761","Freshwater Fish","1983","1983","tonnes","56601","A","Aggregate, may include official, semi-official, estimated or calculated data"
"BL","Commodity Balances - Livestock and Fish Primary Equivalent","5000","World","5520","Feed","2761","Freshwater Fish","1984","1984","tonnes","57135","A","Aggregate, may include official, semi-official, estimated or calculated data"
"BL","Commodity Balances - Livestock and Fish Primary Equivalent","5000","World","5520","Feed","2761","Freshwater Fish","1985","1985","tonnes","59000","A","Aggregate, may include official, semi-official, estimated or calculated data"
"BL","Commodity Balances - Livestock and Fish Primary Equivalent","5000","World","5520","Feed","2761","Freshwater Fish","1986","1986","tonnes","46000","A","Aggregate, may include official, semi-official, estimated or calculated data"
"BL","Commodity Balances - Livestock and Fish Primary Equivalent","5000","World","5520","Feed","2761","Freshwater Fish","1987","1987","tonnes","49006","A","Aggregate, may include official, semi-official, estimated or calculated data"
"BL","Commodity Balances - Livestock and Fish Primary Equivalent","5000","World","5520","Feed","2761","Freshwater Fish","1988","1988","tonnes","51015","A","Aggregate, may include official, semi-official, estimated or calculated data"
"BL","Commodity Balances - Livestock and Fish Primary Equivalent","5000","World","5520","Feed","2761","Freshwater Fish","1989","1989","tonnes","53342","A","Aggregate, may include official, semi-official, estimated or calculated data"
"BL","Commodity Balances - Livestock and Fish Primary Equivalent","5000","World","5520","Feed","2761","Freshwater Fish","1990","1990","tonnes","46017","A","Aggregate, may include official, semi-official, estimated or calculated data"
"BL","Commodity Balances - Livestock and Fish Primary Equivalent","5000","World","5520","Feed","2761","Freshwater Fish","1991","1991","tonnes","47070","A","Aggregate, may include official, semi-official, estimated or calculated data"
"BL","Commodity Balances - Livestock and Fish Primary Equivalent","5000","World","5520","Feed","2761","Freshwater Fish","1992","1992","tonnes","55000","A","Aggregate, may include official, semi-official, estimated or calculated data"
"BL","Commodity Balances - Livestock and Fish Primary Equivalent","5000","World","5520","Feed","2761","Freshwater Fish","1993","1993","tonnes","53801","A","Aggregate, may include official, semi-official, estimated or calculated data"
"BL","Commodity Balances - Livestock and Fish Primary Equivalent","5000","World","5520","Feed","2761","Freshwater Fish","1994","1994","tonnes","42115","A","Aggregate, may include official, semi-official, estimated or calculated data"
"BL","Commodity Balances - Livestock and Fish Primary Equivalent","5000","World","5520","Feed","2761","Freshwater Fish","1995","1995","tonnes","31013","A","Aggregate, may include official, semi-official, estimated or calculated data"
"BL","Commodity Balances - Livestock and Fish Primary Equivalent","5000","World","5520","Feed","2761","Freshwater Fish","1996","1996","tonnes","41440","A","Aggregate, may include official, semi-official, estimated or calculated data"
"BL","Commodity Balances - Livestock and Fish Primary Equivalent","5000","World","5520","Feed","2761","Freshwater Fish","1997","1997","tonnes","34240","A","Aggregate, may include official, semi-official, estimated or calculated data"
"BL","Commodity Balances - Livestock and Fish Primary Equivalent","5000","World","5520","Feed","2761","Freshwater Fish","1998","1998","tonnes","32613","A","Aggregate, may include official, semi-official, estimated or calculated data"
"BL","Commodity Balances - Livestock and Fish Primary Equivalent","5000","World","5520","Feed","2761","Freshwater Fish","1999","1999","tonnes","24749","A","Aggregate, may include official, semi-official, estimated or calculated data"
"BL","Commodity Balances - Livestock and Fish Primary Equivalent","5000","World","5520","Feed","2761","Freshwater Fish","2000","2000","tonnes","44190","A","Aggregate, may include official, semi-official, estimated or calculated data"
"BL","Commodity Balances - Livestock and Fish Primary Equivalent","5000","World","5520","Feed","2761","Freshwater Fish","2001","2001","tonnes","36500","A","Aggregate, may include official, semi-official, estimated or calculated data"
"BL","Commodity Balances - Livestock and Fish Primary Equivalent","5000","World","5520","Feed","2761","Freshwater Fish","2002","2002","tonnes","22142","A","Aggregate, may include official, semi-official, estimated or calculated data"
"BL","Commodity Balances - Livestock and Fish Primary Equivalent","5000","World","5520","Feed","2761","Freshwater Fish","2003","2003","tonnes","18000","A","Aggregate, may include official, semi-official, estimated or calculated data"
"BL","Commodity Balances - Livestock and Fish Primary Equivalent","5000","World","5520","Feed","2761","Freshwater Fish","2004","2004","tonnes","102095","A","Aggregate, may include official, semi-official, estimated or calculated data"
"BL","Commodity Balances - Livestock and Fish Primary Equivalent","5000","World","5520","Feed","2761","Freshwater Fish","2005","2005","tonnes","92013","A","Aggregate, may include official, semi-official, estimated or calculated data"
"BL","Commodity Balances - Livestock and Fish Primary Equivalent","5000","World","5520","Feed","2761","Freshwater Fish","2006","2006","tonnes","102000","A","Aggregate, may include official, semi-official, estimated or calculated data"
"BL","Commodity Balances - Livestock and Fish Primary Equivalent","5000","World","5520","Feed","2761","Freshwater Fish","2007","2007","tonnes","86790","A","Aggregate, may include official, semi-official, estimated or calculated data"
"BL","Commodity Balances - Livestock and Fish Primary Equivalent","5000","World","5520","Feed","2761","Freshwater Fish","2008","2008","tonnes","67110","A","Aggregate, may include official, semi-official, estimated or calculated data"
"BL","Commodity Balances - Livestock and Fish Primary Equivalent","5000","World","5520","Feed","2761","Freshwater Fish","2009","2009","tonnes","122640","A","Aggregate, may include official, semi-official, estimated or calculated data"
"BL","Commodity Balances - Livestock and Fish Primary Equivalent","5000","World","5520","Feed","2761","Freshwater Fish","2010","2010","tonnes","299726","A","Aggregate, may include official, semi-official, estimated or calculated data"
"BL","Commodity Balances - Livestock and Fish Primary Equivalent","5000","World","5520","Feed","2761","Freshwater Fish","2011","2011","tonnes","604870","A","Aggregate, may include official, semi-official, estimated or calculated data"
"BL","Commodity Balances - Livestock and Fish Primary Equivalent","5000","World","5520","Feed","2761","Freshwater Fish","2012","2012","tonnes","574640","A","Aggregate, may include official, semi-official, estimated or calculated data"
"BL","Commodity Balances - Livestock and Fish Primary Equivalent","5000","World","5520","Feed","2761","Freshwater Fish","2013","2013","tonnes","537080","A","Aggregate, may include official, semi-official, estimated or calculated data"
"BL","Commodity Balances - Livestock and Fish Primary Equivalent","5000","World","5520","Feed","2764","Marine Fish, Other","1961","1961","tonnes","138532","A","Aggregate, may include official, semi-official, estimated or calculated data"
"BL","Commodity Balances - Livestock and Fish Primary Equivalent","5000","World","5520","Feed","2764","Marine Fish, Other","1962","1962","tonnes","134480","A","Aggregate, may include official, semi-official, estimated or calculated data"
"BL","Commodity Balances - Livestock and Fish Primary Equivalent","5000","World","5520","Feed","2764","Marine Fish, Other","1963","1963","tonnes","165300","A","Aggregate, may include official, semi-official, estimated or calculated data"
"BL","Commodity Balances - Livestock and Fish Primary Equivalent","5000","World","5520","Feed","2764","Marine Fish, Other","1964","1964","tonnes","278950","A","Aggregate, may include official, semi-official, estimated or calculated data"
"BL","Commodity Balances - Livestock and Fish Primary Equivalent","5000","World","5520","Feed","2764","Marine Fish, Other","1965","1965","tonnes","257363","A","Aggregate, may include official, semi-official, estimated or calculated data"
"BL","Commodity Balances - Livestock and Fish Primary Equivalent","5000","World","5520","Feed","2764","Marine Fish, Other","1966","1966","tonnes","212670","A","Aggregate, may include official, semi-official, estimated or calculated data"
"BL","Commodity Balances - Livestock and Fish Primary Equivalent","5000","World","5520","Feed","2764","Marine Fish, Other","1967","1967","tonnes","262485","A","Aggregate, may include official, semi-official, estimated or calculated data"
"BL","Commodity Balances - Livestock and Fish Primary Equivalent","5000","World","5520","Feed","2764","Marine Fish, Other","1968","1968","tonnes","307331","A","Aggregate, may include official, semi-official, estimated or calculated data"
"BL","Commodity Balances - Livestock and Fish Primary Equivalent","5000","World","5520","Feed","2764","Marine Fish, Other","1969","1969","tonnes","439700","A","Aggregate, may include official, semi-official, estimated or calculated data"
"BL","Commodity Balances - Livestock and Fish Primary Equivalent","5000","World","5520","Feed","2764","Marine Fish, Other","1970","1970","tonnes","476584","A","Aggregate, may include official, semi-official, estimated or calculated data"
"BL","Commodity Balances - Livestock and Fish Primary Equivalent","5000","World","5520","Feed","2764","Marine Fish, Other","1971","1971","tonnes","445721","A","Aggregate, may include official, semi-official, estimated or calculated data"
"BL","Commodity Balances - Livestock and Fish Primary Equivalent","5000","World","5520","Feed","2764","Marine Fish, Other","1972","1972","tonnes","494909","A","Aggregate, may include official, semi-official, estimated or calculated data"
"BL","Commodity Balances - Livestock and Fish Primary Equivalent","5000","World","5520","Feed","2764","Marine Fish, Other","1973","1973","tonnes","714630","A","Aggregate, may include official, semi-official, estimated or calculated data"
"BL","Commodity Balances - Livestock and Fish Primary Equivalent","5000","World","5520","Feed","2764","Marine Fish, Other","1974","1974","tonnes","737539","A","Aggregate, may include official, semi-official, estimated or calculated data"
"BL","Commodity Balances - Livestock and Fish Primary Equivalent","5000","World","5520","Feed","2764","Marine Fish, Other","1975","1975","tonnes","736811","A","Aggregate, may include official, semi-official, estimated or calculated data"
"BL","Commodity Balances - Livestock and Fish Primary Equivalent","5000","World","5520","Feed","2764","Marine Fish, Other","1976","1976","tonnes","390634","A","Aggregate, may include official, semi-official, estimated or calculated data"
"BL","Commodity Balances - Livestock and Fish Primary Equivalent","5000","World","5520","Feed","2764","Marine Fish, Other","1977","1977","tonnes","510528","A","Aggregate, may include official, semi-official, estimated or calculated data"
"BL","Commodity Balances - Livestock and Fish Primary Equivalent","5000","World","5520","Feed","2764","Marine Fish, Other","1978","1978","tonnes","593903","A","Aggregate, may include official, semi-official, estimated or calculated data"
"BL","Commodity Balances - Livestock and Fish Primary Equivalent","5000","World","5520","Feed","2764","Marine Fish, Other","1979","1979","tonnes","400795","A","Aggregate, may include official, semi-official, estimated or calculated data"
"BL","Commodity Balances - Livestock and Fish Primary Equivalent","5000","World","5520","Feed","2764","Marine Fish, Other","1980","1980","tonnes","416786","A","Aggregate, may include official, semi-official, estimated or calculated data"
"BL","Commodity Balances - Livestock and Fish Primary Equivalent","5000","World","5520","Feed","2764","Marine Fish, Other","1981","1981","tonnes","535253","A","Aggregate, may include official, semi-official, estimated or calculated data"
"BL","Commodity Balances - Livestock and Fish Primary Equivalent","5000","World","5520","Feed","2764","Marine Fish, Other","1982","1982","tonnes","675940","A","Aggregate, may include official, semi-official, estimated or calculated data"
"BL","Commodity Balances - Livestock and Fish Primary Equivalent","5000","World","5520","Feed","2764","Marine Fish, Other","1983","1983","tonnes","822192","A","Aggregate, may include official, semi-official, estimated or calculated data"
"BL","Commodity Balances - Livestock and Fish Primary Equivalent","5000","World","5520","Feed","2764","Marine Fish, Other","1984","1984","tonnes","850348","A","Aggregate, may include official, semi-official, estimated or calculated data"
"BL","Commodity Balances - Livestock and Fish Primary Equivalent","5000","World","5520","Feed","2764","Marine Fish, Other","1985","1985","tonnes","1067900","A","Aggregate, may include official, semi-official, estimated or calculated data"
"BL","Commodity Balances - Livestock and Fish Primary Equivalent","5000","World","5520","Feed","2764","Marine Fish, Other","1986","1986","tonnes","1156425","A","Aggregate, may include official, semi-official, estimated or calculated data"
"BL","Commodity Balances - Livestock and Fish Primary Equivalent","5000","World","5520","Feed","2764","Marine Fish, Other","1987","1987","tonnes","1196388","A","Aggregate, may include official, semi-official, estimated or calculated data"
"BL","Commodity Balances - Livestock and Fish Primary Equivalent","5000","World","5520","Feed","2764","Marine Fish, Other","1988","1988","tonnes","1166509","A","Aggregate, may include official, semi-official, estimated or calculated data"
"BL","Commodity Balances - Livestock and Fish Primary Equivalent","5000","World","5520","Feed","2764","Marine Fish, Other","1989","1989","tonnes","1325060","A","Aggregate, may include official, semi-official, estimated or calculated data"
"BL","Commodity Balances - Livestock and Fish Primary Equivalent","5000","World","5520","Feed","2764","Marine Fish, Other","1990","1990","tonnes","1540961","A","Aggregate, may include official, semi-official, estimated or calculated data"
"BL","Commodity Balances - Livestock and Fish Primary Equivalent","5000","World","5520","Feed","2764","Marine Fish, Other","1991","1991","tonnes","1814076","A","Aggregate, may include official, semi-official, estimated or calculated data"
"BL","Commodity Balances - Livestock and Fish Primary Equivalent","5000","World","5520","Feed","2764","Marine Fish, Other","1992","1992","tonnes","1747927","A","Aggregate, may include official, semi-official, estimated or calculated data"
"BL","Commodity Balances - Livestock and Fish Primary Equivalent","5000","World","5520","Feed","2764","Marine Fish, Other","1993","1993","tonnes","2212026","A","Aggregate, may include official, semi-official, estimated or calculated data"
"BL","Commodity Balances - Livestock and Fish Primary Equivalent","5000","World","5520","Feed","2764","Marine Fish, Other","1994","1994","tonnes","2479809","A","Aggregate, may include official, semi-official, estimated or calculated data"
"BL","Commodity Balances - Livestock and Fish Primary Equivalent","5000","World","5520","Feed","2764","Marine Fish, Other","1995","1995","tonnes","2352400","A","Aggregate, may include official, semi-official, estimated or calculated data"
"BL","Commodity Balances - Livestock and Fish Primary Equivalent","5000","World","5520","Feed","2764","Marine Fish, Other","1996","1996","tonnes","2096741","A","Aggregate, may include official, semi-official, estimated or calculated data"
"BL","Commodity Balances - Livestock and Fish Primary Equivalent","5000","World","5520","Feed","2764","Marine Fish, Other","1997","1997","tonnes","1496729","A","Aggregate, may include official, semi-official, estimated or calculated data"
"BL","Commodity Balances - Livestock and Fish Primary Equivalent","5000","World","5520","Feed","2764","Marine Fish, Other","1998","1998","tonnes","1375853","A","Aggregate, may include official, semi-official, estimated or calculated data"
"BL","Commodity Balances - Livestock and Fish Primary Equivalent","5000","World","5520","Feed","2764","Marine Fish, Other","1999","1999","tonnes","1612642","A","Aggregate, may include official, semi-official, estimated or calculated data"
"BL","Commodity Balances - Livestock and Fish Primary Equivalent","5000","World","5520","Feed","2764","Marine Fish, Other","2000","2000","tonnes","1538204","A","Aggregate, may include official, semi-official, estimated or calculated data"
"BL","Commodity Balances - Livestock and Fish Primary Equivalent","5000","World","5520","Feed","2764","Marine Fish, Other","2001","2001","tonnes","1642641","A","Aggregate, may include official, semi-official, estimated or calculated data"
"BL","Commodity Balances - Livestock and Fish Primary Equivalent","5000","World","5520","Feed","2764","Marine Fish, Other","2002","2002","tonnes","1287069","A","Aggregate, may include official, semi-official, estimated or calculated data"
"BL","Commodity Balances - Livestock and Fish Primary Equivalent","5000","World","5520","Feed","2764","Marine Fish, Other","2003","2003","tonnes","1511315","A","Aggregate, may include official, semi-official, estimated or calculated data"
"BL","Commodity Balances - Livestock and Fish Primary Equivalent","5000","World","5520","Feed","2764","Marine Fish, Other","2004","2004","tonnes","1284553","A","Aggregate, may include official, semi-official, estimated or calculated data"
"BL","Commodity Balances - Livestock and Fish Primary Equivalent","5000","World","5520","Feed","2764","Marine Fish, Other","2005","2005","tonnes","1742127","A","Aggregate, may include official, semi-official, estimated or calculated data"
"BL","Commodity Balances - Livestock and Fish Primary Equivalent","5000","World","5520","Feed","2764","Marine Fish, Other","2006","2006","tonnes","1374970","A","Aggregate, may include official, semi-official, estimated or calculated data"
"BL","Commodity Balances - Livestock and Fish Primary Equivalent","5000","World","5520","Feed","2764","Marine Fish, Other","2007","2007","tonnes","1464559","A","Aggregate, may include official, semi-official, estimated or calculated data"
"BL","Commodity Balances - Livestock and Fish Primary Equivalent","5000","World","5520","Feed","2764","Marine Fish, Other","2008","2008","tonnes","1454063","A","Aggregate, may include official, semi-official, estimated or calculated data"
"BL","Commodity Balances - Livestock and Fish Primary Equivalent","5000","World","5520","Feed","2764","Marine Fish, Other","2009","2009","tonnes","1540906","A","Aggregate, may include official, semi-official, estimated or calculated data"
"BL","Commodity Balances - Livestock and Fish Primary Equivalent","5000","World","5520","Feed","2764","Marine Fish, Other","2010","2010","tonnes","1471681","A","Aggregate, may include official, semi-official, estimated or calculated data"
"BL","Commodity Balances - Livestock and Fish Primary Equivalent","5000","World","5520","Feed","2764","Marine Fish, Other","2011","2011","tonnes","1341264","A","Aggregate, may include official, semi-official, estimated or calculated data"
"BL","Commodity Balances - Livestock and Fish Primary Equivalent","5000","World","5520","Feed","2764","Marine Fish, Other","2012","2012","tonnes","1397580","A","Aggregate, may include official, semi-official, estimated or calculated data"
"BL","Commodity Balances - Livestock and Fish Primary Equivalent","5000","World","5520","Feed","2764","Marine Fish, Other","2013","2013","tonnes","1388542","A","Aggregate, may include official, semi-official, estimated or calculated data"
"BL","Commodity Balances - Livestock and Fish Primary Equivalent","5000","World","5520","Feed","2767","Molluscs, Other","1961","1961","tonnes","57000","A","Aggregate, may include official, semi-official, estimated or calculated data"
"BL","Commodity Balances - Livestock and Fish Primary Equivalent","5000","World","5520","Feed","2767","Molluscs, Other","1962","1962","tonnes","95700","A","Aggregate, may include official, semi-official, estimated or calculated data"
"BL","Commodity Balances - Livestock and Fish Primary Equivalent","5000","World","5520","Feed","2767","Molluscs, Other","1963","1963","tonnes","114200","A","Aggregate, may include official, semi-official, estimated or calculated data"
"BL","Commodity Balances - Livestock and Fish Primary Equivalent","5000","World","5520","Feed","2767","Molluscs, Other","1964","1964","tonnes","361700","A","Aggregate, may include official, semi-official, estimated or calculated data"
"BL","Commodity Balances - Livestock and Fish Primary Equivalent","5000","World","5520","Feed","2767","Molluscs, Other","1965","1965","tonnes","320700","A","Aggregate, may include official, semi-official, estimated or calculated data"
"BL","Commodity Balances - Livestock and Fish Primary Equivalent","5000","World","5520","Feed","2767","Molluscs, Other","1966","1966","tonnes","332300","A","Aggregate, may include official, semi-official, estimated or calculated data"
"BL","Commodity Balances - Livestock and Fish Primary Equivalent","5000","World","5520","Feed","2767","Molluscs, Other","1967","1967","tonnes","324800","A","Aggregate, may include official, semi-official, estimated or calculated data"
"BL","Commodity Balances - Livestock and Fish Primary Equivalent","5000","World","5520","Feed","2767","Molluscs, Other","1968","1968","tonnes","415500","A","Aggregate, may include official, semi-official, estimated or calculated data"
"BL","Commodity Balances - Livestock and Fish Primary Equivalent","5000","World","5520","Feed","2767","Molluscs, Other","1969","1969","tonnes","269300","A","Aggregate, may include official, semi-official, estimated or calculated data"
"BL","Commodity Balances - Livestock and Fish Primary Equivalent","5000","World","5520","Feed","2767","Molluscs, Other","1970","1970","tonnes","265700","A","Aggregate, may include official, semi-official, estimated or calculated data"
"BL","Commodity Balances - Livestock and Fish Primary Equivalent","5000","World","5520","Feed","2767","Molluscs, Other","1971","1971","tonnes","307700","A","Aggregate, may include official, semi-official, estimated or calculated data"
"BL","Commodity Balances - Livestock and Fish Primary Equivalent","5000","World","5520","Feed","2767","Molluscs, Other","1972","1972","tonnes","435900","A","Aggregate, may include official, semi-official, estimated or calculated data"
"BL","Commodity Balances - Livestock and Fish Primary Equivalent","5000","World","5520","Feed","2767","Molluscs, Other","1973","1973","tonnes","384400","A","Aggregate, may include official, semi-official, estimated or calculated data"
"BL","Commodity Balances - Livestock and Fish Primary Equivalent","5000","World","5520","Feed","2767","Molluscs, Other","1974","1974","tonnes","418394","A","Aggregate, may include official, semi-official, estimated or calculated data"
"BL","Commodity Balances - Livestock and Fish Primary Equivalent","5000","World","5520","Feed","2767","Molluscs, Other","1975","1975","tonnes","367704","A","Aggregate, may include official, semi-official, estimated or calculated data"
"BL","Commodity Balances - Livestock and Fish Primary Equivalent","5000","World","5520","Feed","2767","Molluscs, Other","1976","1976","tonnes","24325","A","Aggregate, may include official, semi-official, estimated or calculated data"
"BL","Commodity Balances - Livestock and Fish Primary Equivalent","5000","World","5520","Feed","2767","Molluscs, Other","1977","1977","tonnes","27902","A","Aggregate, may include official, semi-official, estimated or calculated data"
"BL","Commodity Balances - Livestock and Fish Primary Equivalent","5000","World","5520","Feed","2767","Molluscs, Other","1978","1978","tonnes","21000","A","Aggregate, may include official, semi-official, estimated or calculated data"
"BL","Commodity Balances - Livestock and Fish Primary Equivalent","5000","World","5520","Feed","2767","Molluscs, Other","1979","1979","tonnes","3602","A","Aggregate, may include official, semi-official, estimated or calculated data"
"BL","Commodity Balances - Livestock and Fish Primary Equivalent","5000","World","5520","Feed","2767","Molluscs, Other","1980","1980","tonnes","10136","A","Aggregate, may include official, semi-official, estimated or calculated data"
"BL","Commodity Balances - Livestock and Fish Primary Equivalent","5000","World","5520","Feed","2767","Molluscs, Other","1981","1981","tonnes","15500","A","Aggregate, may include official, semi-official, estimated or calculated data"
"BL","Commodity Balances - Livestock and Fish Primary Equivalent","5000","World","5520","Feed","2767","Molluscs, Other","1982","1982","tonnes","29767","A","Aggregate, may include official, semi-official, estimated or calculated data"
"BL","Commodity Balances - Livestock and Fish Primary Equivalent","5000","World","5520","Feed","2767","Molluscs, Other","1983","1983","tonnes","10248","A","Aggregate, may include official, semi-official, estimated or calculated data"
"BL","Commodity Balances - Livestock and Fish Primary Equivalent","5000","World","5520","Feed","2767","Molluscs, Other","1984","1984","tonnes","12673","A","Aggregate, may include official, semi-official, estimated or calculated data"
"BL","Commodity Balances - Livestock and Fish Primary Equivalent","5000","World","5520","Feed","2767","Molluscs, Other","1985","1985","tonnes","6148","A","Aggregate, may include official, semi-official, estimated or calculated data"
"BL","Commodity Balances - Livestock and Fish Primary Equivalent","5000","World","5520","Feed","2767","Molluscs, Other","1986","1986","tonnes","5849","A","Aggregate, may include official, semi-official, estimated or calculated data"
"BL","Commodity Balances - Livestock and Fish Primary Equivalent","5000","World","5520","Feed","2767","Molluscs, Other","1987","1987","tonnes","15681","A","Aggregate, may include official, semi-official, estimated or calculated data"
"BL","Commodity Balances - Livestock and Fish Primary Equivalent","5000","World","5520","Feed","2767","Molluscs, Other","1988","1988","tonnes","11290","A","Aggregate, may include official, semi-official, estimated or calculated data"
"BL","Commodity Balances - Livestock and Fish Primary Equivalent","5000","World","5520","Feed","2767","Molluscs, Other","1989","1989","tonnes","5500","A","Aggregate, may include official, semi-official, estimated or calculated data"
"BL","Commodity Balances - Livestock and Fish Primary Equivalent","5000","World","5520","Feed","2767","Molluscs, Other","1990","1990","tonnes","14560","A","Aggregate, may include official, semi-official, estimated or calculated data"
"BL","Commodity Balances - Livestock and Fish Primary Equivalent","5000","World","5520","Feed","2767","Molluscs, Other","1991","1991","tonnes","19200","A","Aggregate, may include official, semi-official, estimated or calculated data"
"BL","Commodity Balances - Livestock and Fish Primary Equivalent","5000","World","5520","Feed","2767","Molluscs, Other","1992","1992","tonnes","4290","A","Aggregate, may include official, semi-official, estimated or calculated data"
"BL","Commodity Balances - Livestock and Fish Primary Equivalent","5000","World","5520","Feed","2767","Molluscs, Other","1993","1993","tonnes","4440","A","Aggregate, may include official, semi-official, estimated or calculated data"
"BL","Commodity Balances - Livestock and Fish Primary Equivalent","5000","World","5520","Feed","2767","Molluscs, Other","1994","1994","tonnes","15500","A","Aggregate, may include official, semi-official, estimated or calculated data"
"BL","Commodity Balances - Livestock and Fish Primary Equivalent","5000","World","5520","Feed","2767","Molluscs, Other","1995","1995","tonnes","16560","A","Aggregate, may include official, semi-official, estimated or calculated data"
"BL","Commodity Balances - Livestock and Fish Primary Equivalent","5000","World","5520","Feed","2767","Molluscs, Other","1996","1996","tonnes","20700","A","Aggregate, may include official, semi-official, estimated or calculated data"
"BL","Commodity Balances - Livestock and Fish Primary Equivalent","5000","World","5520","Feed","2767","Molluscs, Other","1997","1997","tonnes","15230","A","Aggregate, may include official, semi-official, estimated or calculated data"
"BL","Commodity Balances - Livestock and Fish Primary Equivalent","5000","World","5520","Feed","2767","Molluscs, Other","1998","1998","tonnes","11740","A","Aggregate, may include official, semi-official, estimated or calculated data"
"BL","Commodity Balances - Livestock and Fish Primary Equivalent","5000","World","5520","Feed","2767","Molluscs, Other","1999","1999","tonnes","20000","A","Aggregate, may include official, semi-official, estimated or calculated data"
"BL","Commodity Balances - Livestock and Fish Primary Equivalent","5000","World","5520","Feed","2767","Molluscs, Other","2000","2000","tonnes","20000","A","Aggregate, may include official, semi-official, estimated or calculated data"
"BL","Commodity Balances - Livestock and Fish Primary Equivalent","5000","World","5520","Feed","2767","Molluscs, Other","2001","2001","tonnes","20000","A","Aggregate, may include official, semi-official, estimated or calculated data"
"BL","Commodity Balances - Livestock and Fish Primary Equivalent","5000","World","5520","Feed","2767","Molluscs, Other","2002","2002","tonnes","28000","A","Aggregate, may include official, semi-official, estimated or calculated data"
"BL","Commodity Balances - Livestock and Fish Primary Equivalent","5000","World","5520","Feed","2767","Molluscs, Other","2003","2003","tonnes","28000","A","Aggregate, may include official, semi-official, estimated or calculated data"
"BL","Commodity Balances - Livestock and Fish Primary Equivalent","5000","World","5520","Feed","2767","Molluscs, Other","2004","2004","tonnes","25000","A","Aggregate, may include official, semi-official, estimated or calculated data"
"BL","Commodity Balances - Livestock and Fish Primary Equivalent","5000","World","5520","Feed","2767","Molluscs, Other","2005","2005","tonnes","23000","A","Aggregate, may include official, semi-official, estimated or calculated data"
"BL","Commodity Balances - Livestock and Fish Primary Equivalent","5000","World","5520","Feed","2767","Molluscs, Other","2006","2006","tonnes","24000","A","Aggregate, may include official, semi-official, estimated or calculated data"
"BL","Commodity Balances - Livestock and Fish Primary Equivalent","5000","World","5520","Feed","2767","Molluscs, Other","2007","2007","tonnes","24000","A","Aggregate, may include official, semi-official, estimated or calculated data"
"BL","Commodity Balances - Livestock and Fish Primary Equivalent","5000","World","5520","Feed","2767","Molluscs, Other","2008","2008","tonnes","24000","A","Aggregate, may include official, semi-official, estimated or calculated data"
"BL","Commodity Balances - Livestock and Fish Primary Equivalent","5000","World","5520","Feed","2767","Molluscs, Other","2009","2009","tonnes","25000","A","Aggregate, may include official, semi-official, estimated or calculated data"
"BL","Commodity Balances - Livestock and Fish Primary Equivalent","5000","World","5520","Feed","2767","Molluscs, Other","2010","2010","tonnes","24000","A","Aggregate, may include official, semi-official, estimated or calculated data"
"BL","Commodity Balances - Livestock and Fish Primary Equivalent","5000","World","5520","Feed","2767","Molluscs, Other","2011","2011","tonnes","18000","A","Aggregate, may include official, semi-official, estimated or calculated data"
"BL","Commodity Balances - Livestock and Fish Primary Equivalent","5000","World","5520","Feed","2767","Molluscs, Other","2012","2012","tonnes","18000","A","Aggregate, may include official, semi-official, estimated or calculated data"
"BL","Commodity Balances - Livestock and Fish Primary Equivalent","5000","World","5520","Feed","2767","Molluscs, Other","2013","2013","tonnes","38000","A","Aggregate, may include official, semi-official, estimated or calculated data"
"BL","Commodity Balances - Livestock and Fish Primary Equivalent","5000","World","5520","Feed","2763","Pelagic Fish","1961","1961","tonnes","8086551","A","Aggregate, may include official, semi-official, estimated or calculated data"
"BL","Commodity Balances - Livestock and Fish Primary Equivalent","5000","World","5520","Feed","2763","Pelagic Fish","1962","1962","tonnes","9422592","A","Aggregate, may include official, semi-official, estimated or calculated data"
"BL","Commodity Balances - Livestock and Fish Primary Equivalent","5000","World","5520","Feed","2763","Pelagic Fish","1963","1963","tonnes","10268666","A","Aggregate, may include official, semi-official, estimated or calculated data"
"BL","Commodity Balances - Livestock and Fish Primary Equivalent","5000","World","5520","Feed","2763","Pelagic Fish","1964","1964","tonnes","12001432","A","Aggregate, may include official, semi-official, estimated or calculated data"
"BL","Commodity Balances - Livestock and Fish Primary Equivalent","5000","World","5520","Feed","2763","Pelagic Fish","1965","1965","tonnes","12309426","A","Aggregate, may include official, semi-official, estimated or calculated data"
"BL","Commodity Balances - Livestock and Fish Primary Equivalent","5000","World","5520","Feed","2763","Pelagic Fish","1966","1966","tonnes","12606292","A","Aggregate, may include official, semi-official, estimated or calculated data"
"BL","Commodity Balances - Livestock and Fish Primary Equivalent","5000","World","5520","Feed","2763","Pelagic Fish","1967","1967","tonnes","13862197","A","Aggregate, may include official, semi-official, estimated or calculated data"
"BL","Commodity Balances - Livestock and Fish Primary Equivalent","5000","World","5520","Feed","2763","Pelagic Fish","1968","1968","tonnes","17628826","A","Aggregate, may include official, semi-official, estimated or calculated data"
"BL","Commodity Balances - Livestock and Fish Primary Equivalent","5000","World","5520","Feed","2763","Pelagic Fish","1969","1969","tonnes","17050176","A","Aggregate, may include official, semi-official, estimated or calculated data"
"BL","Commodity Balances - Livestock and Fish Primary Equivalent","5000","World","5520","Feed","2763","Pelagic Fish","1970","1970","tonnes","15762532","A","Aggregate, may include official, semi-official, estimated or calculated data"
"BL","Commodity Balances - Livestock and Fish Primary Equivalent","5000","World","5520","Feed","2763","Pelagic Fish","1971","1971","tonnes","15535541","A","Aggregate, may include official, semi-official, estimated or calculated data"
"BL","Commodity Balances - Livestock and Fish Primary Equivalent","5000","World","5520","Feed","2763","Pelagic Fish","1972","1972","tonnes","16211098","A","Aggregate, may include official, semi-official, estimated or calculated data"
"BL","Commodity Balances - Livestock and Fish Primary Equivalent","5000","World","5520","Feed","2763","Pelagic Fish","1973","1973","tonnes","11208391","A","Aggregate, may include official, semi-official, estimated or calculated data"
"BL","Commodity Balances - Livestock and Fish Primary Equivalent","5000","World","5520","Feed","2763","Pelagic Fish","1974","1974","tonnes","11317113","A","Aggregate, may include official, semi-official, estimated or calculated data"
"BL","Commodity Balances - Livestock and Fish Primary Equivalent","5000","World","5520","Feed","2763","Pelagic Fish","1975","1975","tonnes","13898049","A","Aggregate, may include official, semi-official, estimated or calculated data"
"BL","Commodity Balances - Livestock and Fish Primary Equivalent","5000","World","5520","Feed","2763","Pelagic Fish","1976","1976","tonnes","16237711","A","Aggregate, may include official, semi-official, estimated or calculated data"
"BL","Commodity Balances - Livestock and Fish Primary Equivalent","5000","World","5520","Feed","2763","Pelagic Fish","1977","1977","tonnes","16071590","A","Aggregate, may include official, semi-official, estimated or calculated data"
"BL","Commodity Balances - Livestock and Fish Primary Equivalent","5000","World","5520","Feed","2763","Pelagic Fish","1978","1978","tonnes","15789163","A","Aggregate, may include official, semi-official, estimated or calculated data"
"BL","Commodity Balances - Livestock and Fish Primary Equivalent","5000","World","5520","Feed","2763","Pelagic Fish","1979","1979","tonnes","17859324","A","Aggregate, may include official, semi-official, estimated or calculated data"
"BL","Commodity Balances - Livestock and Fish Primary Equivalent","5000","World","5520","Feed","2763","Pelagic Fish","1980","1980","tonnes","16476862","A","Aggregate, may include official, semi-official, estimated or calculated data"
"BL","Commodity Balances - Livestock and Fish Primary Equivalent","5000","World","5520","Feed","2763","Pelagic Fish","1981","1981","tonnes","16416560","A","Aggregate, may include official, semi-official, estimated or calculated data"
"BL","Commodity Balances - Livestock and Fish Primary Equivalent","5000","World","5520","Feed","2763","Pelagic Fish","1982","1982","tonnes","19201049","A","Aggregate, may include official, semi-official, estimated or calculated data"
"BL","Commodity Balances - Livestock and Fish Primary Equivalent","5000","World","5520","Feed","2763","Pelagic Fish","1983","1983","tonnes","18931669","A","Aggregate, may include official, semi-official, estimated or calculated data"
"BL","Commodity Balances - Livestock and Fish Primary Equivalent","5000","World","5520","Feed","2763","Pelagic Fish","1984","1984","tonnes","20723998","A","Aggregate, may include official, semi-official, estimated or calculated data"
"BL","Commodity Balances - Livestock and Fish Primary Equivalent","5000","World","5520","Feed","2763","Pelagic Fish","1985","1985","tonnes","22279506","A","Aggregate, may include official, semi-official, estimated or calculated data"
"BL","Commodity Balances - Livestock and Fish Primary Equivalent","5000","World","5520","Feed","2763","Pelagic Fish","1986","1986","tonnes","23425506","A","Aggregate, may include official, semi-official, estimated or calculated data"
"BL","Commodity Balances - Livestock and Fish Primary Equivalent","5000","World","5520","Feed","2763","Pelagic Fish","1987","1987","tonnes","24653007","A","Aggregate, may include official, semi-official, estimated or calculated data"
"BL","Commodity Balances - Livestock and Fish Primary Equivalent","5000","World","5520","Feed","2763","Pelagic Fish","1988","1988","tonnes","26044096","A","Aggregate, may include official, semi-official, estimated or calculated data"
"BL","Commodity Balances - Livestock and Fish Primary Equivalent","5000","World","5520","Feed","2763","Pelagic Fish","1989","1989","tonnes","25729713","A","Aggregate, may include official, semi-official, estimated or calculated data"
"BL","Commodity Balances - Livestock and Fish Primary Equivalent","5000","World","5520","Feed","2763","Pelagic Fish","1990","1990","tonnes","23022646","A","Aggregate, may include official, semi-official, estimated or calculated data"
"BL","Commodity Balances - Livestock and Fish Primary Equivalent","5000","World","5520","Feed","2763","Pelagic Fish","1991","1991","tonnes","23274245","A","Aggregate, may include official, semi-official, estimated or calculated data"
"BL","Commodity Balances - Livestock and Fish Primary Equivalent","5000","World","5520","Feed","2763","Pelagic Fish","1992","1992","tonnes","22173263","A","Aggregate, may include official, semi-official, estimated or calculated data"
"BL","Commodity Balances - Livestock and Fish Primary Equivalent","5000","World","5520","Feed","2763","Pelagic Fish","1993","1993","tonnes","21698203","A","Aggregate, may include official, semi-official, estimated or calculated data"
"BL","Commodity Balances - Livestock and Fish Primary Equivalent","5000","World","5520","Feed","2763","Pelagic Fish","1994","1994","tonnes","26190060","A","Aggregate, may include official, semi-official, estimated or calculated data"
"BL","Commodity Balances - Livestock and Fish Primary Equivalent","5000","World","5520","Feed","2763","Pelagic Fish","1995","1995","tonnes","24137923","A","Aggregate, may include official, semi-official, estimated or calculated data"
"BL","Commodity Balances - Livestock and Fish Primary Equivalent","5000","World","5520","Feed","2763","Pelagic Fish","1996","1996","tonnes","23464181","A","Aggregate, may include official, semi-official, estimated or calculated data"
"BL","Commodity Balances - Livestock and Fish Primary Equivalent","5000","World","5520","Feed","2763","Pelagic Fish","1997","1997","tonnes","25989446","A","Aggregate, may include official, semi-official, estimated or calculated data"
"BL","Commodity Balances - Livestock and Fish Primary Equivalent","5000","World","5520","Feed","2763","Pelagic Fish","1998","1998","tonnes","17249632","A","Aggregate, may include official, semi-official, estimated or calculated data"
"BL","Commodity Balances - Livestock and Fish Primary Equivalent","5000","World","5520","Feed","2763","Pelagic Fish","1999","1999","tonnes","20692163","A","Aggregate, may include official, semi-official, estimated or calculated data"
"BL","Commodity Balances - Livestock and Fish Primary Equivalent","5000","World","5520","Feed","2763","Pelagic Fish","2000","2000","tonnes","24712513","A","Aggregate, may include official, semi-official, estimated or calculated data"
"BL","Commodity Balances - Livestock and Fish Primary Equivalent","5000","World","5520","Feed","2763","Pelagic Fish","2001","2001","tonnes","22597719","A","Aggregate, may include official, semi-official, estimated or calculated data"
"BL","Commodity Balances - Livestock and Fish Primary Equivalent","5000","World","5520","Feed","2763","Pelagic Fish","2002","2002","tonnes","21322860","A","Aggregate, may include official, semi-official, estimated or calculated data"
"BL","Commodity Balances - Livestock and Fish Primary Equivalent","5000","World","5520","Feed","2763","Pelagic Fish","2003","2003","tonnes","18850869","A","Aggregate, may include official, semi-official, estimated or calculated data"
"BL","Commodity Balances - Livestock and Fish Primary Equivalent","5000","World","5520","Feed","2763","Pelagic Fish","2004","2004","tonnes","20653111","A","Aggregate, may include official, semi-official, estimated or calculated data"
"BL","Commodity Balances - Livestock and Fish Primary Equivalent","5000","World","5520","Feed","2763","Pelagic Fish","2005","2005","tonnes","23075037","A","Aggregate, may include official, semi-official, estimated or calculated data"
"BL","Commodity Balances - Livestock and Fish Primary Equivalent","5000","World","5520","Feed","2763","Pelagic Fish","2006","2006","tonnes","19325574","A","Aggregate, may include official, semi-official, estimated or calculated data"
"BL","Commodity Balances - Livestock and Fish Primary Equivalent","5000","World","5520","Feed","2763","Pelagic Fish","2007","2007","tonnes","17695416","A","Aggregate, may include official, semi-official, estimated or calculated data"
"BL","Commodity Balances - Livestock and Fish Primary Equivalent","5000","World","5520","Feed","2763","Pelagic Fish","2008","2008","tonnes","19447618","A","Aggregate, may include official, semi-official, estimated or calculated data"
"BL","Commodity Balances - Livestock and Fish Primary Equivalent","5000","World","5520","Feed","2763","Pelagic Fish","2009","2009","tonnes","19907679","A","Aggregate, may include official, semi-official, estimated or calculated data"
"BL","Commodity Balances - Livestock and Fish Primary Equivalent","5000","World","5520","Feed","2763","Pelagic Fish","2010","2010","tonnes","18391176","A","Aggregate, may include official, semi-official, estimated or calculated data"
"BL","Commodity Balances - Livestock and Fish Primary Equivalent","5000","World","5520","Feed","2763","Pelagic Fish","2011","2011","tonnes","19884463","A","Aggregate, may include official, semi-official, estimated or calculated data"
"BL","Commodity Balances - Livestock and Fish Primary Equivalent","5000","World","5520","Feed","2763","Pelagic Fish","2012","2012","tonnes","19863544","A","Aggregate, may include official, semi-official, estimated or calculated data"
"BL","Commodity Balances - Livestock and Fish Primary Equivalent","5000","World","5520","Feed","2763","Pelagic Fish","2013","2013","tonnes","18816631","A","Aggregate, may include official, semi-official, estimated or calculated data"
"BL","Commodity Balances - Livestock and Fish Primary Equivalent","5000","World","5520","Feed","2960","Fish, Seafood","1961","1961","tonnes","9107331","A","Aggregate, may include official, semi-official, estimated or calculated data"
"BL","Commodity Balances - Livestock and Fish Primary Equivalent","5000","World","5520","Feed","2960","Fish, Seafood","1962","1962","tonnes","10494131","A","Aggregate, may include official, semi-official, estimated or calculated data"
"BL","Commodity Balances - Livestock and Fish Primary Equivalent","5000","World","5520","Feed","2960","Fish, Seafood","1963","1963","tonnes","11259027","A","Aggregate, may include official, semi-official, estimated or calculated data"
"BL","Commodity Balances - Livestock and Fish Primary Equivalent","5000","World","5520","Feed","2960","Fish, Seafood","1964","1964","tonnes","13494629","A","Aggregate, may include official, semi-official, estimated or calculated data"
"BL","Commodity Balances - Livestock and Fish Primary Equivalent","5000","World","5520","Feed","2960","Fish, Seafood","1965","1965","tonnes","13890510","A","Aggregate, may include official, semi-official, estimated or calculated data"
"BL","Commodity Balances - Livestock and Fish Primary Equivalent","5000","World","5520","Feed","2960","Fish, Seafood","1966","1966","tonnes","14383323","A","Aggregate, may include official, semi-official, estimated or calculated data"
"BL","Commodity Balances - Livestock and Fish Primary Equivalent","5000","World","5520","Feed","2960","Fish, Seafood","1967","1967","tonnes","15984153","A","Aggregate, may include official, semi-official, estimated or calculated data"
"BL","Commodity Balances - Livestock and Fish Primary Equivalent","5000","World","5520","Feed","2960","Fish, Seafood","1968","1968","tonnes","20058316","A","Aggregate, may include official, semi-official, estimated or calculated data"
"BL","Commodity Balances - Livestock and Fish Primary Equivalent","5000","World","5520","Feed","2960","Fish, Seafood","1969","1969","tonnes","19698837","A","Aggregate, may include official, semi-official, estimated or calculated data"
"BL","Commodity Balances - Livestock and Fish Primary Equivalent","5000","World","5520","Feed","2960","Fish, Seafood","1970","1970","tonnes","19015071","A","Aggregate, may include official, semi-official, estimated or calculated data"
"BL","Commodity Balances - Livestock and Fish Primary Equivalent","5000","World","5520","Feed","2960","Fish, Seafood","1971","1971","tonnes","19045121","A","Aggregate, may include official, semi-official, estimated or calculated data"
"BL","Commodity Balances - Livestock and Fish Primary Equivalent","5000","World","5520","Feed","2960","Fish, Seafood","1972","1972","tonnes","19710135","A","Aggregate, may include official, semi-official, estimated or calculated data"
"BL","Commodity Balances - Livestock and Fish Primary Equivalent","5000","World","5520","Feed","2960","Fish, Seafood","1973","1973","tonnes","15420645","A","Aggregate, may include official, semi-official, estimated or calculated data"
"BL","Commodity Balances - Livestock and Fish Primary Equivalent","5000","World","5520","Feed","2960","Fish, Seafood","1974","1974","tonnes","15464114","A","Aggregate, may include official, semi-official, estimated or calculated data"
"BL","Commodity Balances - Livestock and Fish Primary Equivalent","5000","World","5520","Feed","2960","Fish, Seafood","1975","1975","tonnes","17694554","A","Aggregate, may include official, semi-official, estimated or calculated data"
"BL","Commodity Balances - Livestock and Fish Primary Equivalent","5000","World","5520","Feed","2960","Fish, Seafood","1976","1976","tonnes","18416354","A","Aggregate, may include official, semi-official, estimated or calculated data"
"BL","Commodity Balances - Livestock and Fish Primary Equivalent","5000","World","5520","Feed","2960","Fish, Seafood","1977","1977","tonnes","18239432","A","Aggregate, may include official, semi-official, estimated or calculated data"
"BL","Commodity Balances - Livestock and Fish Primary Equivalent","5000","World","5520","Feed","2960","Fish, Seafood","1978","1978","tonnes","18066732","A","Aggregate, may include official, semi-official, estimated or calculated data"
"BL","Commodity Balances - Livestock and Fish Primary Equivalent","5000","World","5520","Feed","2960","Fish, Seafood","1979","1979","tonnes","19995946","A","Aggregate, may include official, semi-official, estimated or calculated data"
"BL","Commodity Balances - Livestock and Fish Primary Equivalent","5000","World","5520","Feed","2960","Fish, Seafood","1980","1980","tonnes","18893718","A","Aggregate, may include official, semi-official, estimated or calculated data"
"BL","Commodity Balances - Livestock and Fish Primary Equivalent","5000","World","5520","Feed","2960","Fish, Seafood","1981","1981","tonnes","18665947","A","Aggregate, may include official, semi-official, estimated or calculated data"
"BL","Commodity Balances - Livestock and Fish Primary Equivalent","5000","World","5520","Feed","2960","Fish, Seafood","1982","1982","tonnes","21840646","A","Aggregate, may include official, semi-official, estimated or calculated data"
"BL","Commodity Balances - Livestock and Fish Primary Equivalent","5000","World","5520","Feed","2960","Fish, Seafood","1983","1983","tonnes","21344732","A","Aggregate, may include official, semi-official, estimated or calculated data"
"BL","Commodity Balances - Livestock and Fish Primary Equivalent","5000","World","5520","Feed","2960","Fish, Seafood","1984","1984","tonnes","23405496","A","Aggregate, may include official, semi-official, estimated or calculated data"
"BL","Commodity Balances - Livestock and Fish Primary Equivalent","5000","World","5520","Feed","2960","Fish, Seafood","1985","1985","tonnes","25345660","A","Aggregate, may include official, semi-official, estimated or calculated data"
"BL","Commodity Balances - Livestock and Fish Primary Equivalent","5000","World","5520","Feed","2960","Fish, Seafood","1986","1986","tonnes","26846117","A","Aggregate, may include official, semi-official, estimated or calculated data"
"BL","Commodity Balances - Livestock and Fish Primary Equivalent","5000","World","5520","Feed","2960","Fish, Seafood","1987","1987","tonnes","28091641","A","Aggregate, may include official, semi-official, estimated or calculated data"
"BL","Commodity Balances - Livestock and Fish Primary Equivalent","5000","World","5520","Feed","2960","Fish, Seafood","1988","1988","tonnes","29676249","A","Aggregate, may include official, semi-official, estimated or calculated data"
"BL","Commodity Balances - Livestock and Fish Primary Equivalent","5000","World","5520","Feed","2960","Fish, Seafood","1989","1989","tonnes","29630587","A","Aggregate, may include official, semi-official, estimated or calculated data"
"BL","Commodity Balances - Livestock and Fish Primary Equivalent","5000","World","5520","Feed","2960","Fish, Seafood","1990","1990","tonnes","26840559","A","Aggregate, may include official, semi-official, estimated or calculated data"
"BL","Commodity Balances - Livestock and Fish Primary Equivalent","5000","World","5520","Feed","2960","Fish, Seafood","1991","1991","tonnes","27253414","A","Aggregate, may include official, semi-official, estimated or calculated data"
"BL","Commodity Balances - Livestock and Fish Primary Equivalent","5000","World","5520","Feed","2960","Fish, Seafood","1992","1992","tonnes","26272539","A","Aggregate, may include official, semi-official, estimated or calculated data"
"BL","Commodity Balances - Livestock and Fish Primary Equivalent","5000","World","5520","Feed","2960","Fish, Seafood","1993","1993","tonnes","25691686","A","Aggregate, may include official, semi-official, estimated or calculated data"
"BL","Commodity Balances - Livestock and Fish Primary Equivalent","5000","World","5520","Feed","2960","Fish, Seafood","1994","1994","tonnes","30359148","A","Aggregate, may include official, semi-official, estimated or calculated data"
"BL","Commodity Balances - Livestock and Fish Primary Equivalent","5000","World","5520","Feed","2960","Fish, Seafood","1995","1995","tonnes","28549017","A","Aggregate, may include official, semi-official, estimated or calculated data"
"BL","Commodity Balances - Livestock and Fish Primary Equivalent","5000","World","5520","Feed","2960","Fish, Seafood","1996","1996","tonnes","27740485","A","Aggregate, may include official, semi-official, estimated or calculated data"
"BL","Commodity Balances - Livestock and Fish Primary Equivalent","5000","World","5520","Feed","2960","Fish, Seafood","1997","1997","tonnes","29477983","A","Aggregate, may include official, semi-official, estimated or calculated data"
"BL","Commodity Balances - Livestock and Fish Primary Equivalent","5000","World","5520","Feed","2960","Fish, Seafood","1998","1998","tonnes","20902708","A","Aggregate, may include official, semi-official, estimated or calculated data"
"BL","Commodity Balances - Livestock and Fish Primary Equivalent","5000","World","5520","Feed","2960","Fish, Seafood","1999","1999","tonnes","24391520","A","Aggregate, may include official, semi-official, estimated or calculated data"
"BL","Commodity Balances - Livestock and Fish Primary Equivalent","5000","World","5520","Feed","2960","Fish, Seafood","2000","2000","tonnes","28109823","A","Aggregate, may include official, semi-official, estimated or calculated data"
"BL","Commodity Balances - Livestock and Fish Primary Equivalent","5000","World","5520","Feed","2960","Fish, Seafood","2001","2001","tonnes","26130653","A","Aggregate, may include official, semi-official, estimated or calculated data"
"BL","Commodity Balances - Livestock and Fish Primary Equivalent","5000","World","5520","Feed","2960","Fish, Seafood","2002","2002","tonnes","24061777","A","Aggregate, may include official, semi-official, estimated or calculated data"
"BL","Commodity Balances - Livestock and Fish Primary Equivalent","5000","World","5520","Feed","2960","Fish, Seafood","2003","2003","tonnes","22077531","A","Aggregate, may include official, semi-official, estimated or calculated data"
"BL","Commodity Balances - Livestock and Fish Primary Equivalent","5000","World","5520","Feed","2960","Fish, Seafood","2004","2004","tonnes","24117634","A","Aggregate, may include official, semi-official, estimated or calculated data"
"BL","Commodity Balances - Livestock and Fish Primary Equivalent","5000","World","5520","Feed","2960","Fish, Seafood","2005","2005","tonnes","26987799","A","Aggregate, may include official, semi-official, estimated or calculated data"
"BL","Commodity Balances - Livestock and Fish Primary Equivalent","5000","World","5520","Feed","2960","Fish, Seafood","2006","2006","tonnes","23151396","A","Aggregate, may include official, semi-official, estimated or calculated data"
"BL","Commodity Balances - Livestock and Fish Primary Equivalent","5000","World","5520","Feed","2960","Fish, Seafood","2007","2007","tonnes","21099001","A","Aggregate, may include official, semi-official, estimated or calculated data"
"BL","Commodity Balances - Livestock and Fish Primary Equivalent","5000","World","5520","Feed","2960","Fish, Seafood","2008","2008","tonnes","22552043","A","Aggregate, may include official, semi-official, estimated or calculated data"
"BL","Commodity Balances - Livestock and Fish Primary Equivalent","5000","World","5520","Feed","2960","Fish, Seafood","2009","2009","tonnes","22910808","A","Aggregate, may include official, semi-official, estimated or calculated data"
"BL","Commodity Balances - Livestock and Fish Primary Equivalent","5000","World","5520","Feed","2960","Fish, Seafood","2010","2010","tonnes","21753494","A","Aggregate, may include official, semi-official, estimated or calculated data"
"BL","Commodity Balances - Livestock and Fish Primary Equivalent","5000","World","5520","Feed","2960","Fish, Seafood","2011","2011","tonnes","23383501","A","Aggregate, may include official, semi-official, estimated or calculated data"
"BL","Commodity Balances - Livestock and Fish Primary Equivalent","5000","World","5520","Feed","2960","Fish, Seafood","2012","2012","tonnes","23245661","A","Aggregate, may include official, semi-official, estimated or calculated data"
"BL","Commodity Balances - Livestock and Fish Primary Equivalent","5000","World","5520","Feed","2960","Fish, Seafood","2013","2013","tonnes","22220448","A","Aggregate, may include official, semi-official, estimated or calculated data"
