province,year,total_area,all_fish_area,all_crustaceans,all_shrimp,whiteleg_shrimp,giant_tiger_prawn,chinese_white_shrimp,kuruma_prawn,all_crab,swimming_crab,giant_mud_crab,other_crustacean,all_fish,striped_bass,flounder,large_yellow_croaker,cobia,yellowtail,sea_bream,red_drum,pufferfish,grouper,plaice
Anhui,1979,NA,NA,NA,NA,NA,NA,NA,NA,NA,NA,NA,NA,NA,NA,NA,NA,NA,NA,NA,NA,NA,NA,NA
Anhui,1980,NA,NA,NA,NA,NA,NA,NA,NA,NA,NA,NA,NA,NA,NA,NA,NA,NA,NA,NA,NA,NA,NA,NA
Anhui,1981,NA,NA,NA,NA,NA,NA,NA,NA,NA,NA,NA,NA,NA,NA,NA,NA,NA,NA,NA,NA,NA,NA,NA
Anhui,1983,NA,NA,NA,NA,NA,NA,NA,NA,NA,NA,NA,NA,NA,NA,NA,NA,NA,NA,NA,NA,NA,NA,NA
Anhui,1986,NA,NA,NA,NA,NA,NA,NA,NA,NA,NA,NA,NA,NA,NA,NA,NA,NA,NA,NA,NA,NA,NA,NA
Anhui,1987,NA,NA,NA,NA,NA,NA,NA,NA,NA,NA,NA,NA,NA,NA,NA,NA,NA,NA,NA,NA,NA,NA,NA
Anhui,1988,NA,NA,NA,NA,NA,NA,NA,NA,NA,NA,NA,NA,NA,NA,NA,NA,NA,NA,NA,NA,NA,NA,NA
Anhui,1989,NA,NA,NA,NA,NA,NA,NA,NA,NA,NA,NA,NA,NA,NA,NA,NA,NA,NA,NA,NA,NA,NA,NA
Anhui,1990,NA,NA,NA,NA,NA,NA,NA,NA,NA,NA,NA,NA,NA,NA,NA,NA,NA,NA,NA,NA,NA,NA,NA
Anhui,1991,NA,NA,NA,NA,NA,NA,NA,NA,NA,NA,NA,NA,NA,NA,NA,NA,NA,NA,NA,NA,NA,NA,NA
Anhui,1992,NA,NA,NA,NA,NA,NA,NA,NA,NA,NA,NA,NA,NA,NA,NA,NA,NA,NA,NA,NA,NA,NA,NA
Anhui,1994,NA,NA,NA,NA,NA,NA,NA,NA,NA,NA,NA,NA,NA,NA,NA,NA,NA,NA,NA,NA,NA,NA,NA
Beijing,1979,NA,NA,NA,NA,NA,NA,NA,NA,NA,NA,NA,NA,NA,NA,NA,NA,NA,NA,NA,NA,NA,NA,NA
Beijing,1980,NA,NA,NA,NA,NA,NA,NA,NA,NA,NA,NA,NA,NA,NA,NA,NA,NA,NA,NA,NA,NA,NA,NA
Beijing,1981,NA,NA,NA,NA,NA,NA,NA,NA,NA,NA,NA,NA,NA,NA,NA,NA,NA,NA,NA,NA,NA,NA,NA
Beijing,1983,NA,NA,NA,NA,NA,NA,NA,NA,NA,NA,NA,NA,NA,NA,NA,NA,NA,NA,NA,NA,NA,NA,NA
Beijing,1985,0.1,NA,0.1,NA,NA,NA,0.1,NA,NA,NA,NA,NA,NA,NA,NA,NA,NA,NA,NA,NA,NA,NA,NA
Beijing,1986,0.27,NA,0.27,NA,NA,NA,0.27,NA,NA,NA,NA,NA,NA,NA,NA,NA,NA,NA,NA,NA,NA,NA,NA
Beijing,1987,0.48,NA,0.48,NA,NA,NA,0.48,NA,NA,NA,NA,NA,NA,NA,NA,NA,NA,NA,NA,NA,NA,NA,NA
Beijing,1988,0.66,NA,0.66,NA,NA,NA,0.66,NA,NA,NA,NA,NA,NA,NA,NA,NA,NA,NA,NA,NA,NA,NA,NA
Beijing,1989,0.66,NA,0.66,NA,NA,NA,0.66,NA,NA,NA,NA,NA,NA,NA,NA,NA,NA,NA,NA,NA,NA,NA,NA
Beijing,1990,0.66,NA,0.66,NA,NA,NA,0.66,NA,NA,NA,NA,NA,NA,NA,NA,NA,NA,NA,NA,NA,NA,NA,NA
Beijing,1991,0.44,NA,0.44,NA,NA,NA,0.44,NA,NA,NA,NA,NA,NA,NA,NA,NA,NA,NA,NA,NA,NA,NA,NA
Beijing,1992,0.47,NA,0.47,NA,NA,NA,0.47,NA,NA,NA,NA,NA,NA,NA,NA,NA,NA,NA,NA,NA,NA,NA,NA
Beijing,1993,0.5,NA,0.5,NA,NA,NA,0.5,NA,NA,NA,NA,NA,NA,NA,NA,NA,NA,NA,NA,NA,NA,NA,NA
Beijing,1994,0.53,NA,0.53,NA,NA,NA,0.53,NA,NA,NA,NA,NA,NA,NA,NA,NA,NA,NA,NA,NA,NA,NA,NA
Beijing,1995,0.47,NA,0.47,NA,NA,NA,0.47,NA,NA,NA,NA,NA,NA,NA,NA,NA,NA,NA,NA,NA,NA,NA,NA
Beijing,1996,459,NA,459,NA,NA,NA,459,NA,NA,NA,NA,NA,NA,NA,NA,NA,NA,NA,NA,NA,NA,NA,NA
Beijing,1997,136,NA,136,NA,NA,NA,136,NA,NA,NA,NA,NA,NA,NA,NA,NA,NA,NA,NA,NA,NA,NA,NA
Chongqing,1983,NA,NA,NA,NA,NA,NA,NA,NA,NA,NA,NA,NA,NA,NA,NA,NA,NA,NA,NA,NA,NA,NA,NA
Fujian Province,1979,30.32,NA,NA,NA,NA,NA,NA,NA,NA,NA,NA,NA,NA,NA,NA,NA,NA,NA,NA,NA,NA,NA,NA
Fujian Province,1980,31.79,NA,NA,NA,NA,NA,NA,NA,NA,NA,NA,NA,NA,NA,NA,NA,NA,NA,NA,NA,NA,NA,NA
Fujian Province,1981,34.99,NA,NA,NA,NA,NA,1.08,NA,NA,NA,NA,NA,NA,NA,NA,NA,NA,NA,NA,NA,NA,NA,NA
Fujian Province,1983,45.13,4.27,1.5,NA,NA,NA,1.5,NA,NA,NA,NA,NA,878,NA,NA,NA,NA,NA,NA,NA,NA,NA,NA
Fujian Province,1984,56.18,4.84,1.69,NA,NA,NA,1.69,NA,NA,NA,NA,NA,630,NA,NA,NA,NA,NA,NA,NA,NA,NA,NA
Fujian Province,1985,62.42,4.46,4.73,NA,NA,NA,4.37,NA,NA,NA,NA,NA,1244,NA,NA,NA,NA,NA,NA,NA,NA,NA,NA
Fujian Province,1986,68.22,3.55,10.72,NA,NA,NA,10.53,NA,NA,NA,NA,NA,1407,NA,NA,NA,NA,NA,NA,NA,NA,NA,NA
Fujian Province,1987,80.21,2.74,21.42,NA,NA,NA,21.1,NA,NA,NA,NA,NA,1339,NA,NA,NA,NA,NA,NA,NA,NA,NA,NA
Fujian Province,1988,82.66,2.36,22.24,NA,NA,NA,22.18,NA,NA,NA,NA,NA,1687,NA,NA,NA,NA,NA,NA,NA,NA,NA,NA
Fujian Province,1989,84.47,2.19,21.75,NA,NA,NA,21.67,NA,NA,NA,NA,NA,2045,NA,NA,NA,NA,NA,NA,NA,NA,NA,NA
Fujian Province,1990,83.79,1.95,20.02,NA,NA,NA,19.84,NA,NA,NA,NA,NA,3204,NA,NA,NA,NA,NA,NA,NA,NA,NA,NA
Fujian Province,1991,60.61,1.4,15.71,NA,NA,NA,15.55,NA,NA,NA,NA,NA,2712,NA,NA,NA,NA,NA,NA,NA,NA,NA,NA
Fujian Province,1992,69.26,1.38,17.68,NA,NA,NA,17.37,NA,NA,NA,NA,NA,3747,NA,NA,NA,NA,NA,NA,NA,NA,NA,NA
Fujian Province,1993,74.77,1.87,18.17,NA,NA,NA,17.39,NA,NA,NA,NA,NA,9062,NA,NA,NA,NA,NA,NA,NA,NA,NA,NA
Fujian Province,1994,78.1,2.24,17.5,NA,NA,NA,15.37,NA,NA,NA,NA,NA,17816,NA,NA,NA,NA,NA,NA,NA,NA,NA,NA
Fujian Province,1995,83.32,2.24,18.92,NA,NA,NA,16.28,NA,NA,NA,NA,NA,20152,NA,NA,NA,NA,NA,NA,NA,NA,NA,NA
Fujian Province,1996,92099,2955,18356,NA,NA,NA,15716,NA,NA,NA,NA,2640,24898,NA,NA,NA,NA,NA,NA,NA,NA,NA,NA
Fujian Province,1997,104632,4555,17964,NA,NA,NA,14428,NA,NA,NA,NA,3536,35481,NA,NA,NA,NA,NA,NA,NA,NA,NA,NA
Fujian Province,1998,114880,4961,18704,NA,NA,NA,15527,NA,NA,NA,NA,3177,53139,NA,NA,NA,NA,NA,NA,NA,NA,NA,NA
Fujian Province,1999,122034,7636,19188,NA,NA,NA,15124,NA,NA,NA,NA,4064,59929,NA,NA,NA,NA,NA,NA,NA,NA,NA,NA
Fujian Province,2e3,130283,11387,19076,NA,NA,NA,14052,NA,NA,NA,NA,5024,102040,NA,NA,NA,NA,NA,NA,NA,NA,NA,NA
Fujian Province,2001,134327,11391,20387,NA,NA,NA,15127,NA,NA,NA,NA,5260,109530,NA,NA,NA,NA,NA,NA,NA,NA,NA,NA
Fujian Province,2002,137987,11243,22408,NA,NA,NA,16980,NA,NA,NA,NA,5428,117597,NA,NA,NA,NA,NA,NA,NA,NA,NA,NA
Fujian Province,2003,139420,8809,20925,14429,3501,3051,1866,2511,6496,1787,4174,NA,119226,9940,1501,45800,382,5260,14055,8644,470,5751,2395
Fujian Province,2004,147494,8935,22878,16103,3337,3210,2563,1994,6775,2040,3881,NA,141142,11032,2694,56469,169,6347,17620,6460,844,9238,4737
Fujian Province,2005,152691,10626,24876,16252,5375,4254,2274,2556,8624,3455,4764,NA,148549,13953,3527,59042,264,5758,12423,6674,1452,10941,NA
Fujian Province,2006,152298,12157,25212,16544,5789,3939,2109,2836,8668,3459,4855,NA,149262,14342,2994,57507,110,5346,15434,6823,1115,11090,NA
Fujian Province,2007,110120,8399,18004,11190,4731,2467,1203,2264,6814,2966,3828,NA,134819,13107,2654,55679,87,4636,12648,7835,1163,9017,145
Fujian Province,2008,120704,10735,19209,11687,5232,2074,1472,2486,7522,3119,4282,NA,141949,13592,2614,59580,98,4582,14887,9229,846,10537,158
Fujian Province,2010,133942,11454,21602,13691,6945,1950,1616,2576,7911,3411,4407,NA,158874,12757,2390,58622,326,4540,16088,10978,1073,9790,505
Fujian Province,2011,137636,11670,21044,13565,6654,1901,1597,2866,7479,3260,4032,NA,170308,14511,2468,71710,345,3039,16861,10677,1100,11157,286
Fujian Province,2012,142315,11693,21915,13816,7299,1950,1524,2612,8099,3764,4160,NA,188547,17951,2376,73214,655,3296,20652,12948,1487,15843,523
Fujian Province,2013,145486,12317,24343,15348,8219,2144,1424,3117,8995,4728,4029,NA,213271,18302,3341,83505,587,3375,22561,13585,1388,18844,465
Fujian Province,2014,154453,12847,25133,15748,8957,1592,1455,3327,9385,4915,4154,NA,244729,24394,2787,92289,116,4882,23917,14117,2357,24583,493
Fujian Province,2015,161418,14212,25916,16349,9744,1460,1404,3240,9567,4853,4385,NA,281202,25127,4759,114502,113,3463,23779,15342,3333,24676,535
Fujian Province,2016,166075,15375,26222,16052,9805,1534,1159,3063,10170,5131,4688,NA,330575,27407,4270,131242,263,3425,31843,17073,8312,26905,531
Gansu Province,1979,NA,NA,NA,NA,NA,NA,NA,NA,NA,NA,NA,NA,NA,NA,NA,NA,NA,NA,NA,NA,NA,NA,NA
Gansu Province,1980,NA,NA,NA,NA,NA,NA,NA,NA,NA,NA,NA,NA,NA,NA,NA,NA,NA,NA,NA,NA,NA,NA,NA
Gansu Province,1981,NA,NA,NA,NA,NA,NA,NA,NA,NA,NA,NA,NA,NA,NA,NA,NA,NA,NA,NA,NA,NA,NA,NA
Gansu Province,1983,NA,NA,NA,NA,NA,NA,NA,NA,NA,NA,NA,NA,NA,NA,NA,NA,NA,NA,NA,NA,NA,NA,NA
Gansu Province,1986,NA,NA,NA,NA,NA,NA,NA,NA,NA,NA,NA,NA,NA,NA,NA,NA,NA,NA,NA,NA,NA,NA,NA
Gansu Province,1987,NA,NA,NA,NA,NA,NA,NA,NA,NA,NA,NA,NA,NA,NA,NA,NA,NA,NA,NA,NA,NA,NA,NA
Gansu Province,1988,NA,NA,NA,NA,NA,NA,NA,NA,NA,NA,NA,NA,NA,NA,NA,NA,NA,NA,NA,NA,NA,NA,NA
Gansu Province,1989,NA,NA,NA,NA,NA,NA,NA,NA,NA,NA,NA,NA,NA,NA,NA,NA,NA,NA,NA,NA,NA,NA,NA
Gansu Province,1990,NA,NA,NA,NA,NA,NA,NA,NA,NA,NA,NA,NA,NA,NA,NA,NA,NA,NA,NA,NA,NA,NA,NA
Gansu Province,1991,NA,NA,NA,NA,NA,NA,NA,NA,NA,NA,NA,NA,NA,NA,NA,NA,NA,NA,NA,NA,NA,NA,NA
Gansu Province,1992,NA,NA,NA,NA,NA,NA,NA,NA,NA,NA,NA,NA,NA,NA,NA,NA,NA,NA,NA,NA,NA,NA,NA
Gansu Province,1994,NA,NA,NA,NA,NA,NA,NA,NA,NA,NA,NA,NA,NA,NA,NA,NA,NA,NA,NA,NA,NA,NA,NA
Guangdong,1979,27.33,NA,NA,NA,NA,NA,NA,NA,NA,NA,NA,NA,NA,NA,NA,NA,NA,NA,NA,NA,NA,NA,NA
Guangdong,1980,33.32,NA,NA,NA,NA,NA,NA,NA,NA,NA,NA,NA,NA,NA,NA,NA,NA,NA,NA,NA,NA,NA,NA
Guangdong,1981,38.79,NA,NA,NA,NA,NA,0.98,NA,NA,NA,NA,NA,NA,NA,NA,NA,NA,NA,NA,NA,NA,NA,NA
Guangdong,1983,66.54,44.96,0.79,NA,NA,NA,0.31,NA,NA,NA,NA,NA,8141,NA,NA,NA,NA,NA,NA,NA,NA,NA,NA
Guangdong,1984,74.94,49.3,3.39,NA,NA,NA,3.31,NA,NA,NA,NA,NA,7274,NA,NA,NA,NA,NA,NA,NA,NA,NA,NA
Guangdong,1985,87.99,53.23,3.46,NA,NA,NA,2.98,NA,NA,NA,NA,NA,9885,NA,NA,NA,NA,NA,NA,NA,NA,NA,NA
Guangdong,1986,109.53,58.52,7.98,NA,NA,NA,7.63,NA,NA,NA,NA,NA,15145,NA,NA,NA,NA,NA,NA,NA,NA,NA,NA
Guangdong,1987,129.7,51.84,25.21,NA,NA,NA,24.18,NA,NA,NA,NA,NA,24925,NA,NA,NA,NA,NA,NA,NA,NA,NA,NA
Guangdong,1988,129.73,52.35,25.09,NA,NA,NA,24.14,NA,NA,NA,NA,NA,27553,NA,NA,NA,NA,NA,NA,NA,NA,NA,NA
Guangdong,1989,134.22,62.81,16.88,NA,NA,NA,15.5,NA,NA,NA,NA,NA,30529,NA,NA,NA,NA,NA,NA,NA,NA,NA,NA
Guangdong,1990,138.54,65.73,15.36,NA,NA,NA,13.79,NA,NA,NA,NA,NA,36851,NA,NA,NA,NA,NA,NA,NA,NA,NA,NA
Guangdong,1991,92.75,38.88,13.88,NA,NA,NA,13.1,NA,NA,NA,NA,NA,40747,NA,NA,NA,NA,NA,NA,NA,NA,NA,NA
Guangdong,1992,93.79,37.13,15.98,NA,NA,NA,15.28,NA,NA,NA,NA,NA,46959,NA,NA,NA,NA,NA,NA,NA,NA,NA,NA
Guangdong,1993,96,37.15,16.08,NA,NA,NA,14.98,NA,NA,NA,NA,NA,55674,NA,NA,NA,NA,NA,NA,NA,NA,NA,NA
Guangdong,1994,105.71,47,16.82,NA,NA,NA,15.46,NA,NA,NA,NA,NA,69117,NA,NA,NA,NA,NA,NA,NA,NA,NA,NA
Guangdong,1995,116.15,44.82,19.28,NA,NA,NA,17.66,NA,NA,NA,NA,NA,86852,NA,NA,NA,NA,NA,NA,NA,NA,NA,NA
Guangdong,1996,138523,41639,23508,NA,NA,NA,21300,NA,NA,NA,NA,2208,104757,NA,NA,NA,NA,NA,NA,NA,NA,NA,NA
Guangdong,1997,171003,41100,31032,NA,NA,NA,25935,NA,NA,NA,NA,5097,161220,NA,NA,NA,NA,NA,NA,NA,NA,NA,NA
Guangdong,1998,176444,45012,34682,NA,NA,NA,28917,NA,NA,NA,NA,5765,172864,NA,NA,NA,NA,NA,NA,NA,NA,NA,NA
Guangdong,1999,180089,42865,39962,NA,NA,NA,32039,NA,NA,NA,NA,7923,183725,NA,NA,NA,NA,NA,NA,NA,NA,NA,NA
Guangdong,2e3,194885,41826,48585,NA,NA,NA,38186,NA,NA,NA,NA,10399,203168,NA,NA,NA,NA,NA,NA,NA,NA,NA,NA
Guangdong,2001,202792,42154,55799,NA,NA,NA,43359,NA,NA,NA,NA,12440,230732,NA,NA,NA,NA,NA,NA,NA,NA,NA,NA
Guangdong,2002,208174,42333,57452,NA,NA,NA,45500,NA,NA,NA,NA,11952,222575,NA,NA,NA,NA,NA,NA,NA,NA,NA,NA
Guangdong,2003,216763,37096,61764,47251,28368,11927,3264,1671,14513,397,13662,NA,195542,31255,1123,5660,13350,5771,17520,17440,1569,13636,619
Guangdong,2004,221247,35638,65719,50801,29993,12470,2051,2051,14918,261,14129,NA,210106,32526,196,5806,13443,6176,18666,20007,838,16799,1084
Guangdong,2005,224399,36046,68623,53444,34315,12546,2705,1999,15179,371,13912,NA,223527,33395,230,6490,13140,6073,21341,19834,760,19494,404
Guangdong,2006,234635,39774,73276,58743,38153,13678,2721,1449,14533,289,13551,NA,262930,35165,522,8740,14389,5921,19455,21137,802,24846,NA
Guangdong,2007,159295,24212,58358,45918,32700,9615,2056,1208,12440,187,11840,NA,235595,41901,782,3063,17438,6892,22068,24714,1377,22153,530
Guangdong,2008,189717,27658,67830,52735,35242,9645,2635,1311,15095,241,14348,NA,256680,38600,437,2866,13304,13646,8169,26259,527,20808,439
Guangdong,2010,194766,28593,71677,57856,39686,11327,2382,1207,13821,166,12907,NA,279638,40408,831,3844,18312,14022,11229,22969,3833,18025,589
Guangdong,2011,199258,28419,72382,59967,40965,10391,2517,1096,12415,237,10204,NA,308128,43511,678,10838,25467,10800,14613,25052,1214,23595,424
Guangdong,2012,203410,27356,72298,60738,44911,9.604,2385,1304,11560,311,9865,NA,367086,45867,759,4773,25396,8946,22532,27697,351,27372,209
Guangdong,2013,201834,28207,70496,59572,42579,10225,2266,1152,10924,300,9724,NA,399414,59912,815,8278,24415,8677,18380,31535,625,25039,154
Guangdong,2014,197198,27809,71592,61536,42799,9186,2237,984,10056,499,8695,NA,433333,60288,1463,9594,25454,29935,21593,21593,2600,36514,144
Guangdong,2015,193691,29436,71033,61472,44415,8841,2004,1064,9561,505,8250,NA,437924,51506,2404,9590,27665,14827,24596,28805,4380,36138,1814
Guangdong,2016,194861,30969,70124,60865,46041,8553,1784,1142,9259,576,7833,NA,492922,55400,2952,10582,28260,16085,26383,33685,4687,42601,1848
Guangxi,1979,1.35,NA,NA,NA,NA,NA,NA,NA,NA,NA,NA,NA,NA,NA,NA,NA,NA,NA,NA,NA,NA,NA,NA
Guangxi,1980,2.4,NA,NA,NA,NA,NA,NA,NA,NA,NA,NA,NA,NA,NA,NA,NA,NA,NA,NA,NA,NA,NA,NA
Guangxi,1981,2.6,NA,NA,NA,NA,NA,0.7,NA,NA,NA,NA,NA,NA,NA,NA,NA,NA,NA,NA,NA,NA,NA,NA
Guangxi,1983,2.78,0.9,0.54,NA,NA,NA,0.53,NA,NA,NA,NA,NA,256,NA,NA,NA,NA,NA,NA,NA,NA,NA,NA
Guangxi,1984,2.72,0.86,0.63,NA,NA,NA,0.53,NA,NA,NA,NA,NA,176,NA,NA,NA,NA,NA,NA,NA,NA,NA,NA
Guangxi,1985,2.88,0.65,1.12,NA,NA,NA,0.66,NA,NA,NA,NA,NA,138,NA,NA,NA,NA,NA,NA,NA,NA,NA,NA
Guangxi,1986,4,0.4,2.2,NA,NA,NA,1,NA,NA,NA,NA,NA,66,NA,NA,NA,NA,NA,NA,NA,NA,NA,NA
Guangxi,1987,4.9,0.28,2.5,NA,NA,NA,1.8,NA,NA,NA,NA,NA,104,NA,NA,NA,NA,NA,NA,NA,NA,NA,NA
Guangxi,1988,7.56,0.19,3.68,NA,NA,NA,2.77,NA,NA,NA,NA,NA,161,NA,NA,NA,NA,NA,NA,NA,NA,NA,NA
Guangxi,1989,7.76,0.55,2.63,NA,NA,NA,1.68,NA,NA,NA,NA,NA,393,NA,NA,NA,NA,NA,NA,NA,NA,NA,NA
Guangxi,1990,8.15,0.51,3.12,NA,NA,NA,1.61,NA,NA,NA,NA,NA,444,NA,NA,NA,NA,NA,NA,NA,NA,NA,NA
Guangxi,1991,8.69,0.39,2.48,NA,NA,NA,1.06,NA,NA,NA,NA,NA,507,NA,NA,NA,NA,NA,NA,NA,NA,NA,NA
Guangxi,1992,14.56,1.02,2.66,NA,NA,NA,1.41,NA,NA,NA,NA,NA,1733,NA,NA,NA,NA,NA,NA,NA,NA,NA,NA
Guangxi,1993,17.21,0.9,3.52,NA,NA,NA,2.24,NA,NA,NA,NA,NA,1834,NA,NA,NA,NA,NA,NA,NA,NA,NA,NA
Guangxi,1994,29.9,1.41,5.39,NA,NA,NA,3.37,NA,NA,NA,NA,NA,2511,NA,NA,NA,NA,NA,NA,NA,NA,NA,NA
Guangxi,1995,41,2.85,6.78,NA,NA,NA,4.91,NA,NA,NA,NA,NA,7927,NA,NA,NA,NA,NA,NA,NA,NA,NA,NA
Guangxi,1996,48436,2857,7375,NA,NA,NA,4656,NA,NA,NA,NA,2719,8312,NA,NA,NA,NA,NA,NA,NA,NA,NA,NA
Guangxi,1997,52222,3601,9047,NA,NA,NA,6657,NA,NA,NA,NA,2390,13917,NA,NA,NA,NA,NA,NA,NA,NA,NA,NA
Guangxi,1998,55570,2868,11168,NA,NA,NA,8615,NA,NA,NA,NA,2553,19973,NA,NA,NA,NA,NA,NA,NA,NA,NA,NA
Guangxi,1999,58597,2953,12418,NA,NA,NA,9831,NA,NA,NA,NA,2587,23375,NA,NA,NA,NA,NA,NA,NA,NA,NA,NA
Guangxi,2e3,61410,2630,15466,NA,NA,NA,14058,NA,NA,NA,NA,1408,18849,NA,NA,NA,NA,NA,NA,NA,NA,NA,NA
Guangxi,2001,60888,1724,18459,NA,NA,NA,17177,NA,NA,NA,NA,1282,18640,NA,NA,NA,NA,NA,NA,NA,NA,NA,NA
Guangxi,2002,61774,2222,18470,NA,NA,NA,17221,NA,NA,NA,NA,1249,19627,NA,NA,NA,NA,NA,NA,NA,NA,NA,NA
Guangxi,2003,62269,1991,19161,17715,12684,3795,NA,902,1446,NA,1446,NA,22511,7438,25,NA,20,NA,3220,3588,NA,3229,349
Guangxi,2004,62061,1555,20303,18730,13702,4170,NA,858,1573,NA,1573,NA,23169,6682,30,NA,21,NA,4191,3810,NA,2656,372
Guangxi,2005,61974,1792,20883,19420,14584,4006,NA,830,1463,NA,1463,NA,25275,7988,30,NA,81,NA,5068,4125,NA,2828,400
Guangxi,2006,64336,1834,21991,20397,16084,3811,NA,502,1594,NA,1594,NA,27183,9447,30,NA,102,NA,5887,3662,NA,3272,NA
Guangxi,2007,47250,1483,16828,15520,12993,1979,NA,357,1308,NA,1308,NA,22448,7363,24,NA,201,NA,5236,3107,NA,2556,359
Guangxi,2008,47380,842,18591,17351,13305,2110,NA,321,1240,NA,1240,NA,23239,6606,NA,NA,189,NA,5191,3274,NA,2059,NA
Guangxi,2010,50670,933,19737,18702,15374,2140,NA,298,1035,NA,1035,NA,26102,7680,NA,NA,200,NA,5337,2791,NA,2251,NA
Guangxi,2011,51287,944,19730,18488,15848,1889,NA,291,1242,NA,1242,NA,27695,8739,NA,NA,212,NA,6187,3297,NA,2392,NA
Guangxi,2012,52212,1019,21152,19832,14482,1855,NA,291,1320,NA,1287,NA,38984,9166,NA,NA,228,NA,6741,4871,NA,2650,NA
Guangxi,2013,53249,1044,21700,20378,17790,1839,NA,289,1322,NA,1322,NA,40426,8882,NA,NA,245,NA,6285,4756,NA,2315,NA
Guangxi,2014,54001,1147,21721,20406,18111,1546,NA,289,1315,NA,1315,NA,42361,7397,NA,NA,55,NA,5220,4772,NA,1837,NA
Guangxi,2015,54233,1163,22031,20712,19044,1379,NA,289,1319,NA,1319,NA,43668,6863,NA,NA,56,NA,5188,5116,NA,1762,NA
Guangxi,2016,55015,1203,22646,21298,19637,1372,NA,289,1348,NA,1348,NA,47391,7495,NA,NA,52,NA,5373,5205,NA,1882,NA
Guizhou,1979,NA,NA,NA,NA,NA,NA,NA,NA,NA,NA,NA,NA,NA,NA,NA,NA,NA,NA,NA,NA,NA,NA,NA
Guizhou,1980,NA,NA,NA,NA,NA,NA,NA,NA,NA,NA,NA,NA,NA,NA,NA,NA,NA,NA,NA,NA,NA,NA,NA
Guizhou,1981,NA,NA,NA,NA,NA,NA,NA,NA,NA,NA,NA,NA,NA,NA,NA,NA,NA,NA,NA,NA,NA,NA,NA
Guizhou,1983,NA,NA,NA,NA,NA,NA,NA,NA,NA,NA,NA,NA,NA,NA,NA,NA,NA,NA,NA,NA,NA,NA,NA
Guizhou,1986,NA,NA,NA,NA,NA,NA,NA,NA,NA,NA,NA,NA,NA,NA,NA,NA,NA,NA,NA,NA,NA,NA,NA
Guizhou,1987,NA,NA,NA,NA,NA,NA,NA,NA,NA,NA,NA,NA,NA,NA,NA,NA,NA,NA,NA,NA,NA,NA,NA
Guizhou,1988,NA,NA,NA,NA,NA,NA,NA,NA,NA,NA,NA,NA,NA,NA,NA,NA,NA,NA,NA,NA,NA,NA,NA
Guizhou,1989,NA,NA,NA,NA,NA,NA,NA,NA,NA,NA,NA,NA,NA,NA,NA,NA,NA,NA,NA,NA,NA,NA,NA
Guizhou,1990,NA,NA,NA,NA,NA,NA,NA,NA,NA,NA,NA,NA,NA,NA,NA,NA,NA,NA,NA,NA,NA,NA,NA
Guizhou,1991,NA,NA,NA,NA,NA,NA,NA,NA,NA,NA,NA,NA,NA,NA,NA,NA,NA,NA,NA,NA,NA,NA,NA
Guizhou,1992,NA,NA,NA,NA,NA,NA,NA,NA,NA,NA,NA,NA,NA,NA,NA,NA,NA,NA,NA,NA,NA,NA,NA
Guizhou,1994,NA,NA,NA,NA,NA,NA,NA,NA,NA,NA,NA,NA,NA,NA,NA,NA,NA,NA,NA,NA,NA,NA,NA
Hainan,1988,5.6,0.66,2.77,NA,NA,NA,1.7,NA,NA,NA,NA,NA,348,NA,NA,NA,NA,NA,NA,NA,NA,NA,NA
Hainan,1989,5.56,0.81,2.63,NA,NA,NA,1.26,NA,NA,NA,NA,NA,727,NA,NA,NA,NA,NA,NA,NA,NA,NA,NA
Hainan,1990,5.57,1.43,2.09,NA,NA,NA,0.88,NA,NA,NA,NA,NA,988,NA,NA,NA,NA,NA,NA,NA,NA,NA,NA
Hainan,1991,3.79,0.67,1.52,NA,NA,NA,0.71,NA,NA,NA,NA,NA,1017,NA,NA,NA,NA,NA,NA,NA,NA,NA,NA
Hainan,1992,3.99,0.64,1.77,NA,NA,NA,0.82,NA,NA,NA,NA,NA,1265,NA,NA,NA,NA,NA,NA,NA,NA,NA,NA
Hainan,1993,4.77,0.65,2.52,NA,NA,NA,1.27,NA,NA,NA,NA,NA,2127,NA,NA,NA,NA,NA,NA,NA,NA,NA,NA
Hainan,1994,5.79,0.82,3.35,NA,NA,NA,1.84,NA,NA,NA,NA,NA,3232,NA,NA,NA,NA,NA,NA,NA,NA,NA,NA
Hainan,1995,6.93,0.99,4.16,NA,NA,NA,2.94,NA,NA,NA,NA,NA,3162,NA,NA,NA,NA,NA,NA,NA,NA,NA,NA
Hainan,1996,7594,1262,4650,NA,NA,NA,3125,NA,NA,NA,NA,1525,4507,NA,NA,NA,NA,NA,NA,NA,NA,NA,NA
Hainan,1997,8483,696,6004,NA,NA,NA,4662,NA,NA,NA,NA,1342,3904,NA,NA,NA,NA,NA,NA,NA,NA,NA,NA
Hainan,1998,10620,1250,7059,NA,NA,NA,5756,NA,NA,NA,NA,1303,4595,NA,NA,NA,NA,NA,NA,NA,NA,NA,NA
Hainan,1999,13070,1098,8363,NA,NA,NA,7069,NA,NA,NA,NA,1294,6543,NA,NA,NA,NA,NA,NA,NA,NA,NA,NA
Hainan,2e3,14526,1095,9166,NA,NA,NA,7759,NA,NA,NA,NA,1407,7537,NA,NA,NA,NA,NA,NA,NA,NA,NA,NA
Hainan,2001,15851,1062,10505,NA,NA,NA,9203,NA,NA,NA,NA,1302,8629,NA,NA,NA,NA,NA,NA,NA,NA,NA,NA
Hainan,2002,16433,1060,11212,NA,NA,NA,9926,NA,NA,NA,NA,1286,10882,NA,NA,NA,NA,NA,NA,NA,NA,NA,NA
Hainan,2003,16765,1062,11848,10860,10102,675,NA,NA,988,NA,984,NA,11821,797,NA,NA,2695,185,395,434,68,3252,NA
Hainan,2004,17717,989,12623,11296,10254,957,NA,NA,1327,1,1266,NA,13331,827,NA,NA,2860,NA,282,484,10,4099,NA
Hainan,2005,18094,1234,12791,11382,10291,694,NA,NA,1409,307,1043,NA,20916,1110,NA,NA,5397,NA,1085,590,126,5459,NA
Hainan,2006,19164,1664,13292,11957,11224,731,NA,NA,1335,305,873,NA,34156,1258,NA,NA,7852,NA,1224,707,188,8559,NA
Hainan,2007,9120,720,6164,5513,4447,333,NA,NA,651,155,486,NA,28522,1105,NA,NA,8124,NA,1580,1056,NA,8149,NA
Hainan,2008,12983,1941,8328,7315,5857,315,NA,NA,1013,4,585,NA,37374,2363,NA,NA,9884,853,2191,1909,46,11106,NA
Hainan,2010,15247,2645,9700,8719,7054,290,NA,NA,981,5,620,NA,43391,2487,NA,NA,10266,787,2254,1983,47,12621,NA
Hainan,2011,14529,2471,9080,8151,7215,287,NA,NA,929,4,641,NA,41093,2543,NA,NA,10332,791,2136,2048,48,11836,NA
Hainan,2012,14646,2495,9145,8207,7350,291,NA,NA,938,4,652,NA,42589,2675,NA,NA,10776,798,2166,1930,49,13056,NA
Hainan,2013,15845,2713,9992,9019,7553,301,NA,NA,973,5,745,NA,49985,3198,NA,NA,12767,881,2494,2259,53,16016,NA
Hainan,2014,16791,2923,10580,9570,7850,310,NA,NA,1010,6,750,NA,57698,3530,NA,NA,13807,903,2725,2487,55,18784,NA
Hainan,2015,16691,3886,9392,8392,6578,342,NA,NA,1e3,6,994,NA,75201,3594,NA,NA,7529,746,2463,3697,690,24783,NA
Hainan,2016,17138,4642,9093,7918,6601,333,NA,NA,1175,NA,1113,NA,78340,3315,NA,NA,8092,677,2447,3945,NA,26785,NA
Hebei,1979,10.85,NA,NA,NA,NA,NA,NA,NA,NA,NA,NA,NA,NA,NA,NA,NA,NA,NA,NA,NA,NA,NA,NA
Hebei,1980,12.23,NA,NA,NA,NA,NA,NA,NA,NA,NA,NA,NA,NA,NA,NA,NA,NA,NA,NA,NA,NA,NA,NA
Hebei,1981,12.7,NA,NA,NA,NA,NA,0.25,NA,NA,NA,NA,NA,NA,NA,NA,NA,NA,NA,NA,NA,NA,NA,NA
Hebei,1983,13.65,9.96,3.69,NA,NA,NA,2.77,NA,NA,NA,NA,NA,326,NA,NA,NA,NA,NA,NA,NA,NA,NA,NA
Hebei,1984,14.21,9.45,4.75,NA,NA,NA,4.75,NA,NA,NA,NA,NA,468,NA,NA,NA,NA,NA,NA,NA,NA,NA,NA
Hebei,1985,14.33,5.44,8.88,NA,NA,NA,8.88,NA,NA,NA,NA,NA,412,NA,NA,NA,NA,NA,NA,NA,NA,NA,NA
Hebei,1986,17.54,2.09,15.42,NA,NA,NA,14.54,NA,NA,NA,NA,NA,116,NA,NA,NA,NA,NA,NA,NA,NA,NA,NA
Hebei,1987,22.29,1.11,21.13,NA,NA,NA,21.13,NA,NA,NA,NA,NA,53,NA,NA,NA,NA,NA,NA,NA,NA,NA,NA
Hebei,1988,27.52,0.92,26.56,NA,NA,NA,26.56,NA,NA,NA,NA,NA,89,NA,NA,NA,NA,NA,NA,NA,NA,NA,NA
Hebei,1989,29.87,1.08,23.45,NA,NA,NA,23.45,NA,NA,NA,NA,NA,81,NA,NA,NA,NA,NA,NA,NA,NA,NA,NA
Hebei,1990,35.46,NA,22.9,NA,NA,NA,22.9,NA,NA,NA,NA,NA,NA,NA,NA,NA,NA,NA,NA,NA,NA,NA,NA
Hebei,1991,24.83,0.04,15.7,NA,NA,NA,15.7,NA,NA,NA,NA,NA,23,NA,NA,NA,NA,NA,NA,NA,NA,NA,NA
Hebei,1992,42.34,0.05,15.55,NA,NA,NA,15.55,NA,NA,NA,NA,NA,65,NA,NA,NA,NA,NA,NA,NA,NA,NA,NA
Hebei,1993,45.63,NA,17.51,NA,NA,NA,17.51,NA,NA,NA,NA,NA,NA,NA,NA,NA,NA,NA,NA,NA,NA,NA,NA
Hebei,1994,48.72,1.12,17.58,NA,NA,NA,17.56,NA,NA,NA,NA,NA,535,NA,NA,NA,NA,NA,NA,NA,NA,NA,NA
Hebei,1995,50.85,0.43,19.02,NA,NA,NA,19.02,NA,NA,NA,NA,NA,824,NA,NA,NA,NA,NA,NA,NA,NA,NA,NA
Hebei,1996,56274,3186,18146,NA,NA,NA,18146,NA,NA,NA,NA,NA,4899,NA,NA,NA,NA,NA,NA,NA,NA,NA,NA
Hebei,1997,51567,3608,19495,NA,NA,NA,19495,NA,NA,NA,NA,NA,9432,NA,NA,NA,NA,NA,NA,NA,NA,NA,NA
Hebei,1998,71628,2850,20123,NA,NA,NA,20123,NA,NA,NA,NA,NA,10382,NA,NA,NA,NA,NA,NA,NA,NA,NA,NA
Hebei,1999,59891,2910,20628,NA,NA,NA,20628,NA,NA,NA,NA,NA,9262,NA,NA,NA,NA,NA,NA,NA,NA,NA,NA
Hebei,2e3,69942,4438,19287,NA,NA,NA,19287,NA,NA,NA,NA,NA,10673,NA,NA,NA,NA,NA,NA,NA,NA,NA,NA
Hebei,2001,74773,4826,19822,NA,NA,NA,19822,NA,NA,NA,NA,NA,10829,NA,NA,NA,NA,NA,NA,NA,NA,NA,NA
Hebei,2002,75296,4966,20755,NA,NA,NA,20755,NA,NA,NA,NA,NA,11003,NA,NA,NA,NA,NA,NA,NA,NA,NA,NA
Hebei,2003,77588,4662,20312,19839,3037,1098,6546,9075,473,473,NA,NA,10824,983,771,NA,NA,NA,28,40,1640,NA,NA
Hebei,2004,81733,4865,22573,21307,3553,601,5907,11246,1266,1253,NA,NA,14798,1241,1764,NA,NA,NA,20,51,3042,NA,NA
Hebei,2005,90404,6071,21695,20072,5401,927,4201,9071,1623,1436,NA,NA,17080,1235,2523,NA,NA,NA,NA,51,3285,NA,506
Hebei,2006,102302,7809,25136,23591,9450,498,4506,9137,1545,1461,NA,NA,20102,1781,2603,NA,NA,NA,NA,NA,4683,49,NA
Hebei,2007,92960,6698,21423,19943,8800,594,4371,6143,1480,1445,35,NA,11395,90,1727,NA,NA,NA,NA,10,3228,NA,NA
Hebei,2008,109755,6027,23613,21883,7605,1245,4845,7714,1730,1597,133,NA,15638,1245,3281,NA,NA,NA,NA,30,4172,NA,NA
Hebei,2010,121013,6438,21701,19632,8061,NA,5239,6332,2069,1803,133,NA,14718,1147,2666,NA,NA,NA,10,35,3410,1120,12
Hebei,2011,123810,4768,21064,19352,6976,NA,5908,5248,1712,1445,133,NA,12378,170,3959,NA,NA,NA,NA,8,3176,NA,190
Hebei,2012,134264,2104,21250,19672,4194,NA,8626,4036,1578,1578,NA,NA,12796,220,3453,NA,NA,NA,NA,NA,NA,NA,NA
Hebei,2013,134682,1217,20772,19352,9409,NA,6434,3509,1420,1365,NA,NA,12173,70,4116,NA,NA,NA,NA,NA,2106,NA,477
Hebei,2014,117928,591,22193,20429,8980,NA,6381,3684,1764,1764,NA,NA,11080,395,3080,NA,NA,NA,NA,NA,1903,NA,717
Hebei,2015,122434,304,27844,26300,14587,NA,6881,4654,1544,1491,NA,NA,8232,40,3333,NA,NA,NA,NA,NA,1835,NA,730
Hebei,2016,117533,686,26420,25036,13001,NA,6476,5455,1384,1331,NA,NA,8811,NA,3527,NA,NA,NA,NA,NA,1792,NA,760
Heilongjiang,1979,NA,NA,NA,NA,NA,NA,NA,NA,NA,NA,NA,NA,NA,NA,NA,NA,NA,NA,NA,NA,NA,NA,NA
Heilongjiang,1980,NA,NA,NA,NA,NA,NA,NA,NA,NA,NA,NA,NA,NA,NA,NA,NA,NA,NA,NA,NA,NA,NA,NA
Heilongjiang,1981,NA,NA,NA,NA,NA,NA,NA,NA,NA,NA,NA,NA,NA,NA,NA,NA,NA,NA,NA,NA,NA,NA,NA
Heilongjiang,1983,NA,NA,NA,NA,NA,NA,NA,NA,NA,NA,NA,NA,NA,NA,NA,NA,NA,NA,NA,NA,NA,NA,NA
Heilongjiang,1986,NA,NA,NA,NA,NA,NA,NA,NA,NA,NA,NA,NA,NA,NA,NA,NA,NA,NA,NA,NA,NA,NA,NA
Heilongjiang,1987,NA,NA,NA,NA,NA,NA,NA,NA,NA,NA,NA,NA,NA,NA,NA,NA,NA,NA,NA,NA,NA,NA,NA
Heilongjiang,1988,NA,NA,NA,NA,NA,NA,NA,NA,NA,NA,NA,NA,NA,NA,NA,NA,NA,NA,NA,NA,NA,NA,NA
Heilongjiang,1989,NA,NA,NA,NA,NA,NA,NA,NA,NA,NA,NA,NA,NA,NA,NA,NA,NA,NA,NA,NA,NA,NA,NA
Heilongjiang,1990,NA,NA,NA,NA,NA,NA,NA,NA,NA,NA,NA,NA,NA,NA,NA,NA,NA,NA,NA,NA,NA,NA,NA
Heilongjiang,1991,NA,NA,NA,NA,NA,NA,NA,NA,NA,NA,NA,NA,NA,NA,NA,NA,NA,NA,NA,NA,NA,NA,NA
Heilongjiang,1992,NA,NA,NA,NA,NA,NA,NA,NA,NA,NA,NA,NA,NA,NA,NA,NA,NA,NA,NA,NA,NA,NA,NA
Heilongjiang,1994,NA,NA,NA,NA,NA,NA,NA,NA,NA,NA,NA,NA,NA,NA,NA,NA,NA,NA,NA,NA,NA,NA,NA
Henan,1979,NA,NA,NA,NA,NA,NA,NA,NA,NA,NA,NA,NA,NA,NA,NA,NA,NA,NA,NA,NA,NA,NA,NA
Henan,1980,NA,NA,NA,NA,NA,NA,NA,NA,NA,NA,NA,NA,NA,NA,NA,NA,NA,NA,NA,NA,NA,NA,NA
Henan,1981,NA,NA,NA,NA,NA,NA,NA,NA,NA,NA,NA,NA,NA,NA,NA,NA,NA,NA,NA,NA,NA,NA,NA
Henan,1983,NA,NA,NA,NA,NA,NA,NA,NA,NA,NA,NA,NA,NA,NA,NA,NA,NA,NA,NA,NA,NA,NA,NA
Henan,1986,NA,NA,NA,NA,NA,NA,NA,NA,NA,NA,NA,NA,NA,NA,NA,NA,NA,NA,NA,NA,NA,NA,NA
Henan,1987,NA,NA,NA,NA,NA,NA,NA,NA,NA,NA,NA,NA,NA,NA,NA,NA,NA,NA,NA,NA,NA,NA,NA
Henan,1988,NA,NA,NA,NA,NA,NA,NA,NA,NA,NA,NA,NA,NA,NA,NA,NA,NA,NA,NA,NA,NA,NA,NA
Henan,1989,NA,NA,NA,NA,NA,NA,NA,NA,NA,NA,NA,NA,NA,NA,NA,NA,NA,NA,NA,NA,NA,NA,NA
Henan,1990,NA,NA,NA,NA,NA,NA,NA,NA,NA,NA,NA,NA,NA,NA,NA,NA,NA,NA,NA,NA,NA,NA,NA
Henan,1991,NA,NA,NA,NA,NA,NA,NA,NA,NA,NA,NA,NA,NA,NA,NA,NA,NA,NA,NA,NA,NA,NA,NA
Henan,1992,NA,NA,NA,NA,NA,NA,NA,NA,NA,NA,NA,NA,NA,NA,NA,NA,NA,NA,NA,NA,NA,NA,NA
Henan,1994,NA,NA,NA,NA,NA,NA,NA,NA,NA,NA,NA,NA,NA,NA,NA,NA,NA,NA,NA,NA,NA,NA,NA
Hubei,1979,NA,NA,NA,NA,NA,NA,NA,NA,NA,NA,NA,NA,NA,NA,NA,NA,NA,NA,NA,NA,NA,NA,NA
Hubei,1980,NA,NA,NA,NA,NA,NA,NA,NA,NA,NA,NA,NA,NA,NA,NA,NA,NA,NA,NA,NA,NA,NA,NA
Hubei,1981,NA,NA,NA,NA,NA,NA,NA,NA,NA,NA,NA,NA,NA,NA,NA,NA,NA,NA,NA,NA,NA,NA,NA
Hubei,1983,NA,NA,NA,NA,NA,NA,NA,NA,NA,NA,NA,NA,NA,NA,NA,NA,NA,NA,NA,NA,NA,NA,NA
Hubei,1986,NA,NA,NA,NA,NA,NA,NA,NA,NA,NA,NA,NA,NA,NA,NA,NA,NA,NA,NA,NA,NA,NA,NA
Hubei,1987,NA,NA,NA,NA,NA,NA,NA,NA,NA,NA,NA,NA,NA,NA,NA,NA,NA,NA,NA,NA,NA,NA,NA
Hubei,1988,NA,NA,NA,NA,NA,NA,NA,NA,NA,NA,NA,NA,NA,NA,NA,NA,NA,NA,NA,NA,NA,NA,NA
Hubei,1989,NA,NA,NA,NA,NA,NA,NA,NA,NA,NA,NA,NA,NA,NA,NA,NA,NA,NA,NA,NA,NA,NA,NA
Hubei,1990,NA,NA,NA,NA,NA,NA,NA,NA,NA,NA,NA,NA,NA,NA,NA,NA,NA,NA,NA,NA,NA,NA,NA
Hubei,1991,NA,NA,NA,NA,NA,NA,NA,NA,NA,NA,NA,NA,NA,NA,NA,NA,NA,NA,NA,NA,NA,NA,NA
Hubei,1992,NA,NA,NA,NA,NA,NA,NA,NA,NA,NA,NA,NA,NA,NA,NA,NA,NA,NA,NA,NA,NA,NA,NA
Hubei,1994,NA,NA,NA,NA,NA,NA,NA,NA,NA,NA,NA,NA,NA,NA,NA,NA,NA,NA,NA,NA,NA,NA,NA
Hunan,1979,NA,NA,NA,NA,NA,NA,NA,NA,NA,NA,NA,NA,NA,NA,NA,NA,NA,NA,NA,NA,NA,NA,NA
Hunan,1980,NA,NA,NA,NA,NA,NA,NA,NA,NA,NA,NA,NA,NA,NA,NA,NA,NA,NA,NA,NA,NA,NA,NA
Hunan,1981,NA,NA,NA,NA,NA,NA,NA,NA,NA,NA,NA,NA,NA,NA,NA,NA,NA,NA,NA,NA,NA,NA,NA
Hunan,1983,NA,NA,NA,NA,NA,NA,NA,NA,NA,NA,NA,NA,NA,NA,NA,NA,NA,NA,NA,NA,NA,NA,NA
Hunan,1986,NA,NA,NA,NA,NA,NA,NA,NA,NA,NA,NA,NA,NA,NA,NA,NA,NA,NA,NA,NA,NA,NA,NA
Hunan,1987,NA,NA,NA,NA,NA,NA,NA,NA,NA,NA,NA,NA,NA,NA,NA,NA,NA,NA,NA,NA,NA,NA,NA
Hunan,1988,NA,NA,NA,NA,NA,NA,NA,NA,NA,NA,NA,NA,NA,NA,NA,NA,NA,NA,NA,NA,NA,NA,NA
Hunan,1989,NA,NA,NA,NA,NA,NA,NA,NA,NA,NA,NA,NA,NA,NA,NA,NA,NA,NA,NA,NA,NA,NA,NA
Hunan,1990,NA,NA,NA,NA,NA,NA,NA,NA,NA,NA,NA,NA,NA,NA,NA,NA,NA,NA,NA,NA,NA,NA,NA
Hunan,1991,NA,NA,NA,NA,NA,NA,NA,NA,NA,NA,NA,NA,NA,NA,NA,NA,NA,NA,NA,NA,NA,NA,NA
Hunan,1992,NA,NA,NA,NA,NA,NA,NA,NA,NA,NA,NA,NA,NA,NA,NA,NA,NA,NA,NA,NA,NA,NA,NA
Hunan,1994,NA,NA,NA,NA,NA,NA,NA,NA,NA,NA,NA,NA,NA,NA,NA,NA,NA,NA,NA,NA,NA,NA,NA
Inner Mongolia,1979,NA,NA,NA,NA,NA,NA,NA,NA,NA,NA,NA,NA,NA,NA,NA,NA,NA,NA,NA,NA,NA,NA,NA
Inner Mongolia,1980,NA,NA,NA,NA,NA,NA,NA,NA,NA,NA,NA,NA,NA,NA,NA,NA,NA,NA,NA,NA,NA,NA,NA
Inner Mongolia,1981,NA,NA,NA,NA,NA,NA,NA,NA,NA,NA,NA,NA,NA,NA,NA,NA,NA,NA,NA,NA,NA,NA,NA
Inner Mongolia,1983,NA,NA,NA,NA,NA,NA,NA,NA,NA,NA,NA,NA,NA,NA,NA,NA,NA,NA,NA,NA,NA,NA,NA
Inner Mongolia,1986,NA,NA,NA,NA,NA,NA,NA,NA,NA,NA,NA,NA,NA,NA,NA,NA,NA,NA,NA,NA,NA,NA,NA
Inner Mongolia,1987,NA,NA,NA,NA,NA,NA,NA,NA,NA,NA,NA,NA,NA,NA,NA,NA,NA,NA,NA,NA,NA,NA,NA
Inner Mongolia,1988,NA,NA,NA,NA,NA,NA,NA,NA,NA,NA,NA,NA,NA,NA,NA,NA,NA,NA,NA,NA,NA,NA,NA
Inner Mongolia,1989,NA,NA,NA,NA,NA,NA,NA,NA,NA,NA,NA,NA,NA,NA,NA,NA,NA,NA,NA,NA,NA,NA,NA
Inner Mongolia,1990,NA,NA,NA,NA,NA,NA,NA,NA,NA,NA,NA,NA,NA,NA,NA,NA,NA,NA,NA,NA,NA,NA,NA
Inner Mongolia,1991,NA,NA,NA,NA,NA,NA,NA,NA,NA,NA,NA,NA,NA,NA,NA,NA,NA,NA,NA,NA,NA,NA,NA
Inner Mongolia,1992,NA,NA,NA,NA,NA,NA,NA,NA,NA,NA,NA,NA,NA,NA,NA,NA,NA,NA,NA,NA,NA,NA,NA
Inner Mongolia,1994,NA,NA,NA,NA,NA,NA,NA,NA,NA,NA,NA,NA,NA,NA,NA,NA,NA,NA,NA,NA,NA,NA,NA
Jiangsu Province,1979,15.86,NA,NA,NA,NA,NA,NA,NA,NA,NA,NA,NA,NA,NA,NA,NA,NA,NA,NA,NA,NA,NA,NA
Jiangsu Province,1980,28.34,NA,NA,NA,NA,NA,NA,NA,NA,NA,NA,NA,NA,NA,NA,NA,NA,NA,NA,NA,NA,NA,NA
Jiangsu Province,1981,24.59,NA,NA,NA,NA,NA,3.51,NA,NA,NA,NA,NA,NA,NA,NA,NA,NA,NA,NA,NA,NA,NA,NA
Jiangsu Province,1983,32.85,1.22,5.78,NA,NA,NA,5.78,NA,NA,NA,NA,NA,132,NA,NA,NA,NA,NA,NA,NA,NA,NA,NA
Jiangsu Province,1984,67.31,0.59,7.45,NA,NA,NA,7.45,NA,NA,NA,NA,NA,279,NA,NA,NA,NA,NA,NA,NA,NA,NA,NA
Jiangsu Province,1985,72.83,0.33,12.64,NA,NA,NA,12.64,NA,NA,NA,NA,NA,813,NA,NA,NA,NA,NA,NA,NA,NA,NA,NA
Jiangsu Province,1986,94.33,0.52,13.07,NA,NA,NA,13.07,NA,NA,NA,NA,NA,722,NA,NA,NA,NA,NA,NA,NA,NA,NA,NA
Jiangsu Province,1987,97.91,0.6,16.31,NA,NA,NA,16.31,NA,NA,NA,NA,NA,981,NA,NA,NA,NA,NA,NA,NA,NA,NA,NA
Jiangsu Province,1988,106.27,1.91,17.78,NA,NA,NA,17.78,NA,NA,NA,NA,NA,1183,NA,NA,NA,NA,NA,NA,NA,NA,NA,NA
Jiangsu Province,1989,104.41,0.74,16.76,NA,NA,NA,16.76,NA,NA,NA,NA,NA,1302,NA,NA,NA,NA,NA,NA,NA,NA,NA,NA
Jiangsu Province,1990,100.34,0.01,15.48,NA,NA,NA,15.48,NA,NA,NA,NA,NA,224,NA,NA,NA,NA,NA,NA,NA,NA,NA,NA
Jiangsu Province,1991,70.07,0.12,10.33,NA,NA,NA,10.33,NA,NA,NA,NA,NA,484,NA,NA,NA,NA,NA,NA,NA,NA,NA,NA
Jiangsu Province,1992,71.56,0.03,9.61,NA,NA,NA,9.59,NA,NA,NA,NA,NA,123,NA,NA,NA,NA,NA,NA,NA,NA,NA,NA
Jiangsu Province,1993,77.04,0.15,10.65,NA,NA,NA,10.57,NA,NA,NA,NA,NA,489,NA,NA,NA,NA,NA,NA,NA,NA,NA,NA
Jiangsu Province,1994,76.49,0.22,9.92,NA,NA,NA,9.66,NA,NA,NA,NA,NA,389,NA,NA,NA,NA,NA,NA,NA,NA,NA,NA
Jiangsu Province,1995,87.94,0.04,9.33,NA,NA,NA,9.25,NA,NA,NA,NA,NA,66,NA,NA,NA,NA,NA,NA,NA,NA,NA,NA
Jiangsu Province,1996,99040,653,9107,NA,NA,NA,8633,NA,NA,NA,NA,474,3294,NA,NA,NA,NA,NA,NA,NA,NA,NA,NA
Jiangsu Province,1997,105760,660,11580,NA,NA,NA,11020,NA,NA,NA,NA,560,1878,NA,NA,NA,NA,NA,NA,NA,NA,NA,NA
Jiangsu Province,1998,110047,667,12e3,NA,NA,NA,10667,NA,NA,NA,NA,1333,3831,NA,NA,NA,NA,NA,NA,NA,NA,NA,NA
Jiangsu Province,1999,115167,1267,12560,NA,NA,NA,11060,NA,NA,NA,NA,1500,4645,NA,NA,NA,NA,NA,NA,NA,NA,NA,NA
Jiangsu Province,2e3,144180,2747,14867,NA,NA,NA,11067,NA,NA,NA,NA,3800,8414,NA,NA,NA,NA,NA,NA,NA,NA,NA,NA
Jiangsu Province,2001,143780,440,19027,NA,NA,NA,14073,NA,NA,NA,NA,4954,7711,NA,NA,NA,NA,NA,NA,NA,NA,NA,NA
Jiangsu Province,2002,150313,3613,20653,NA,NA,NA,14833,NA,NA,NA,NA,5820,11430,NA,NA,NA,NA,NA,NA,NA,NA,NA,NA
Jiangsu Province,2003,156947,4005,20772,14883,2454,233,10617,1105,5889,5397,432,NA,8157,434,NA,NA,NA,NA,20,NA,27,119,40
Jiangsu Province,2004,166280,4015,26464,18096,3458,370,12900,1368,8368,7797,514,NA,9853,627,202,15,NA,NA,216,10,35,NA,10
Jiangsu Province,2005,172950,4237,22934,10059,3154,300,4833,968,12875,12165,710,NA,18330,792,2135,NA,NA,19,216,10,35,NA,NA
Jiangsu Province,2006,180680,4631,23191,10537,3886,903,4230,957,12654,12044,610,NA,19253,858,28,NA,NA,NA,256,10,62,NA,NA
Jiangsu Province,2007,148160,3745,19295,8051,3007,638,3347,885,11244,10368,553,NA,21496,882,279,NA,NA,NA,128,12,138,NA,NA
Jiangsu Province,2008,160089,4625,19554,8140,3157,459,3657,603,11414,10815,530,NA,21198,1115,2230,NA,NA,NA,49,NA,204,NA,NA
Jiangsu Province,2010,172754,2134,21259,12551,4332,343,3579,1071,8708,8240,248,NA,43135,1318,1967,NA,NA,NA,29,20,170,NA,1106
Jiangsu Province,2011,192426,5961,25046,14323,2060,224,3235,1306,10723,10015,198,NA,46981,456,2496,NA,NA,NA,56,10,165,NA,2212
Jiangsu Province,2012,201073,6015,27832,15419,1743,216,1858,705,12413,12050,303,NA,53463,414,2663,NA,NA,NA,60,10,167,NA,1292
Jiangsu Province,2013,199352,8100,25341,15607,1674,287,2604,404,9734,9341,372,NA,72986,1757,3108,NA,NA,NA,59,NA,172,13,1400
Jiangsu Province,2014,193807,11184,25447,14793,2509,328,2169,392,10654,10352,282,NA,82397,1466,4492,NA,NA,NA,60,NA,176,24,2140
Jiangsu Province,2015,188657,10975,23917,14376,3918,677,1838,142,9541,9385,156,NA,86950,1568,6228,NA,NA,NA,166,NA,181,3,2628
Jiangsu Province,2016,181829,9823,23551,14205,3928,811,1654,144,9346,9270,76,NA,84756,1520,6283,NA,NA,NA,176,NA,184,20,2648
Jiangxi Province,1979,NA,NA,NA,NA,NA,NA,NA,NA,NA,NA,NA,NA,NA,NA,NA,NA,NA,NA,NA,NA,NA,NA,NA
Jiangxi Province,1980,NA,NA,NA,NA,NA,NA,NA,NA,NA,NA,NA,NA,NA,NA,NA,NA,NA,NA,NA,NA,NA,NA,NA
Jiangxi Province,1981,NA,NA,NA,NA,NA,NA,NA,NA,NA,NA,NA,NA,NA,NA,NA,NA,NA,NA,NA,NA,NA,NA,NA
Jiangxi Province,1983,NA,NA,NA,NA,NA,NA,NA,NA,NA,NA,NA,NA,NA,NA,NA,NA,NA,NA,NA,NA,NA,NA,NA
Jiangxi Province,1986,NA,NA,NA,NA,NA,NA,NA,NA,NA,NA,NA,NA,NA,NA,NA,NA,NA,NA,NA,NA,NA,NA,NA
Jiangxi Province,1987,NA,NA,NA,NA,NA,NA,NA,NA,NA,NA,NA,NA,NA,NA,NA,NA,NA,NA,NA,NA,NA,NA,NA
Jiangxi Province,1988,NA,NA,NA,NA,NA,NA,NA,NA,NA,NA,NA,NA,NA,NA,NA,NA,NA,NA,NA,NA,NA,NA,NA
Jiangxi Province,1989,NA,NA,NA,NA,NA,NA,NA,NA,NA,NA,NA,NA,NA,NA,NA,NA,NA,NA,NA,NA,NA,NA,NA
Jiangxi Province,1990,NA,NA,NA,NA,NA,NA,NA,NA,NA,NA,NA,NA,NA,NA,NA,NA,NA,NA,NA,NA,NA,NA,NA
Jiangxi Province,1991,NA,NA,NA,NA,NA,NA,NA,NA,NA,NA,NA,NA,NA,NA,NA,NA,NA,NA,NA,NA,NA,NA,NA
Jiangxi Province,1992,NA,NA,NA,NA,NA,NA,NA,NA,NA,NA,NA,NA,NA,NA,NA,NA,NA,NA,NA,NA,NA,NA,NA
Jiangxi Province,1994,NA,NA,NA,NA,NA,NA,NA,NA,NA,NA,NA,NA,NA,NA,NA,NA,NA,NA,NA,NA,NA,NA,NA
Jilin,1979,NA,NA,NA,NA,NA,NA,NA,NA,NA,NA,NA,NA,NA,NA,NA,NA,NA,NA,NA,NA,NA,NA,NA
Jilin,1980,NA,NA,NA,NA,NA,NA,NA,NA,NA,NA,NA,NA,NA,NA,NA,NA,NA,NA,NA,NA,NA,NA,NA
Jilin,1981,NA,NA,NA,NA,NA,NA,NA,NA,NA,NA,NA,NA,NA,NA,NA,NA,NA,NA,NA,NA,NA,NA,NA
Jilin,1983,NA,NA,NA,NA,NA,NA,NA,NA,NA,NA,NA,NA,NA,NA,NA,NA,NA,NA,NA,NA,NA,NA,NA
Jilin,1986,NA,NA,NA,NA,NA,NA,NA,NA,NA,NA,NA,NA,NA,NA,NA,NA,NA,NA,NA,NA,NA,NA,NA
Jilin,1987,NA,NA,NA,NA,NA,NA,NA,NA,NA,NA,NA,NA,NA,NA,NA,NA,NA,NA,NA,NA,NA,NA,NA
Jilin,1988,NA,NA,NA,NA,NA,NA,NA,NA,NA,NA,NA,NA,NA,NA,NA,NA,NA,NA,NA,NA,NA,NA,NA
Jilin,1989,NA,NA,NA,NA,NA,NA,NA,NA,NA,NA,NA,NA,NA,NA,NA,NA,NA,NA,NA,NA,NA,NA,NA
Jilin,1990,NA,NA,NA,NA,NA,NA,NA,NA,NA,NA,NA,NA,NA,NA,NA,NA,NA,NA,NA,NA,NA,NA,NA
Jilin,1991,NA,NA,NA,NA,NA,NA,NA,NA,NA,NA,NA,NA,NA,NA,NA,NA,NA,NA,NA,NA,NA,NA,NA
Jilin,1992,NA,NA,NA,NA,NA,NA,NA,NA,NA,NA,NA,NA,NA,NA,NA,NA,NA,NA,NA,NA,NA,NA,NA
Jilin,1994,NA,NA,NA,NA,NA,NA,NA,NA,NA,NA,NA,NA,NA,NA,NA,NA,NA,NA,NA,NA,NA,NA,NA
Liaoning Province,1979,48.45,NA,NA,NA,NA,NA,NA,NA,NA,NA,NA,NA,NA,NA,NA,NA,NA,NA,NA,NA,NA,NA,NA
Liaoning Province,1980,50.4,NA,NA,NA,NA,NA,NA,NA,NA,NA,NA,NA,NA,NA,NA,NA,NA,NA,NA,NA,NA,NA,NA
Liaoning Province,1981,49.9,NA,NA,NA,NA,NA,3.01,NA,NA,NA,NA,NA,NA,NA,NA,NA,NA,NA,NA,NA,NA,NA,NA
Liaoning Province,1983,59.3,0.8,5.4,NA,NA,NA,5.4,NA,NA,NA,NA,NA,259,NA,NA,NA,NA,NA,NA,NA,NA,NA,NA
Liaoning Province,1984,73.52,0.29,12.75,NA,NA,NA,12.75,NA,NA,NA,NA,NA,221,NA,NA,NA,NA,NA,NA,NA,NA,NA,NA
Liaoning Province,1985,83.59,0.28,25.7,NA,NA,NA,25.7,NA,NA,NA,NA,NA,164,NA,NA,NA,NA,NA,NA,NA,NA,NA,NA
Liaoning Province,1986,89.44,0.05,31.98,NA,NA,NA,31.98,NA,NA,NA,NA,NA,31,NA,NA,NA,NA,NA,NA,NA,NA,NA,NA
Liaoning Province,1987,94.53,0.04,41.79,NA,NA,NA,41.59,NA,NA,NA,NA,NA,85,NA,NA,NA,NA,NA,NA,NA,NA,NA,NA
Liaoning Province,1988,99.45,0.12,46.76,NA,NA,NA,46.71,NA,NA,NA,NA,NA,270,NA,NA,NA,NA,NA,NA,NA,NA,NA,NA
Liaoning Province,1989,105.16,0.04,51.14,NA,NA,NA,51.14,NA,NA,NA,NA,NA,74,NA,NA,NA,NA,NA,NA,NA,NA,NA,NA
Liaoning Province,1990,107.18,0.04,47.71,NA,NA,NA,47.77,NA,NA,NA,NA,NA,97,NA,NA,NA,NA,NA,NA,NA,NA,NA,NA
Liaoning Province,1991,74,0.05,30.16,NA,NA,NA,30.16,NA,NA,NA,NA,NA,74,NA,NA,NA,NA,NA,NA,NA,NA,NA,NA
Liaoning Province,1992,85.05,0.04,30.18,NA,NA,NA,30.18,NA,NA,NA,NA,NA,54,NA,NA,NA,NA,NA,NA,NA,NA,NA,NA
Liaoning Province,1993,108.62,0.08,33.12,NA,NA,NA,33.12,NA,NA,NA,NA,NA,110,NA,NA,NA,NA,NA,NA,NA,NA,NA,NA
Liaoning Province,1994,125.62,1.34,30.13,NA,NA,NA,30.15,NA,NA,NA,NA,NA,2031,NA,NA,NA,NA,NA,NA,NA,NA,NA,NA
Liaoning Province,1995,141.41,12.16,13.77,NA,NA,NA,12.98,NA,NA,NA,NA,NA,10166,NA,NA,NA,NA,NA,NA,NA,NA,NA,NA
Liaoning Province,1996,155003,5990,26097,NA,NA,NA,13130,NA,NA,NA,NA,12967,8362,NA,NA,NA,NA,NA,NA,NA,NA,NA,NA
Liaoning Province,1997,191917,1509,36082,NA,NA,NA,35908,NA,NA,NA,NA,174,5649,NA,NA,NA,NA,NA,NA,NA,NA,NA,NA
Liaoning Province,1998,201145,1295,36810,NA,NA,NA,36753,NA,NA,NA,NA,57,12534,NA,NA,NA,NA,NA,NA,NA,NA,NA,NA
Liaoning Province,1999,229489,1728,37555,NA,NA,NA,36150,NA,NA,NA,NA,1405,12050,NA,NA,NA,NA,NA,NA,NA,NA,NA,NA
Liaoning Province,2e3,236483,1831,38639,NA,NA,NA,38441,NA,NA,NA,NA,198,19516,NA,NA,NA,NA,NA,NA,NA,NA,NA,NA
Liaoning Province,2001,246183,1890,39914,NA,NA,NA,35004,NA,NA,NA,NA,4910,39358,NA,NA,NA,NA,NA,NA,NA,NA,NA,NA
Liaoning Province,2002,278588,2401,41540,NA,NA,NA,39258,NA,NA,NA,NA,2282,54330,NA,NA,NA,NA,NA,NA,NA,NA,NA,NA
Liaoning Province,2003,381090,5889,32609,31003,7606,NA,15767,7262,1606,1263,NA,NA,25886,1013,3519,NA,NA,356,32,2,4873,NA,50
Liaoning Province,2004,407356,5696,26206,24638,4680,NA,12835,6714,1568,1478,NA,NA,31027,1763,7640,NA,NA,49,202,100,5500,NA,172
Liaoning Province,2005,449302,4158,26914,25333,4440,NA,12285,8319,1581,1568,NA,NA,46988,4378,9294,NA,NA,123,NA,803,7975,NA,640
Liaoning Province,2006,485800,3539,26310,25295,2555,NA,15331,5700,1015,1011,4,NA,41289,2019,11486,NA,NA,264,140,200,8390,NA,NA
Liaoning Province,2007,294800,3208,13985,13239,2003,NA,7938,3003,746,679,NA,NA,41779,1629,13105,NA,NA,NA,80,119,4919,NA,204
Liaoning Province,2008,411556,3225,17834,16407,5585,NA,6780,3406,1427,1193,NA,NA,31093,1142,14508,NA,NA,430,NA,154,5236,NA,370
Liaoning Province,2010,630700,7896,21856,19539,1089,NA,7302,4537,2317,1172,NA,NA,40008,1213,23613,NA,NA,NA,NA,NA,4989,NA,395
Liaoning Province,2011,763101,7075,19624,17017,1239,NA,6149,3246,2607,1116,NA,NA,44688,1294,25196,NA,NA,2097,NA,NA,5323,NA,NA
Liaoning Province,2012,751387,6493,15426,14337,670,NA,5839,1868,1089,809,NA,NA,61165,1645,37412,NA,NA,NA,NA,NA,4607,NA,20
Liaoning Province,2013,813035,6175,15823,14911,744,NA,5484,2623,912,532,NA,NA,57823,1620,35235,NA,NA,156,NA,NA,3423,NA,236
Liaoning Province,2014,942050,6545,13596,12490,4550,NA,4669,2621,1106,1100,NA,NA,59002,1220,35821,NA,NA,131,NA,NA,3511,NA,20
Liaoning Province,2015,928503,6521,13592,12692,2995,NA,6145,3002,900,900,NA,NA,58684,1228,34730,NA,NA,115,NA,NA,3436,NA,NA
Liaoning Province,2016,933068,8140,19352,18453,3455,NA,10121,4253,899,899,NA,NA,62058,1877,37334,NA,NA,215,5,NA,3972,NA,NA
Ningxia,1979,NA,NA,NA,NA,NA,NA,NA,NA,NA,NA,NA,NA,NA,NA,NA,NA,NA,NA,NA,NA,NA,NA,NA
Ningxia,1980,NA,NA,NA,NA,NA,NA,NA,NA,NA,NA,NA,NA,NA,NA,NA,NA,NA,NA,NA,NA,NA,NA,NA
Ningxia,1981,NA,NA,NA,NA,NA,NA,NA,NA,NA,NA,NA,NA,NA,NA,NA,NA,NA,NA,NA,NA,NA,NA,NA
Ningxia,1983,NA,NA,NA,NA,NA,NA,NA,NA,NA,NA,NA,NA,NA,NA,NA,NA,NA,NA,NA,NA,NA,NA,NA
Ningxia,1986,NA,NA,NA,NA,NA,NA,NA,NA,NA,NA,NA,NA,NA,NA,NA,NA,NA,NA,NA,NA,NA,NA,NA
Ningxia,1987,NA,NA,NA,NA,NA,NA,NA,NA,NA,NA,NA,NA,NA,NA,NA,NA,NA,NA,NA,NA,NA,NA,NA
Ningxia,1988,NA,NA,NA,NA,NA,NA,NA,NA,NA,NA,NA,NA,NA,NA,NA,NA,NA,NA,NA,NA,NA,NA,NA
Ningxia,1989,NA,NA,NA,NA,NA,NA,NA,NA,NA,NA,NA,NA,NA,NA,NA,NA,NA,NA,NA,NA,NA,NA,NA
Ningxia,1990,NA,NA,NA,NA,NA,NA,NA,NA,NA,NA,NA,NA,NA,NA,NA,NA,NA,NA,NA,NA,NA,NA,NA
Ningxia,1991,NA,NA,NA,NA,NA,NA,NA,NA,NA,NA,NA,NA,NA,NA,NA,NA,NA,NA,NA,NA,NA,NA,NA
Ningxia,1992,NA,NA,NA,NA,NA,NA,NA,NA,NA,NA,NA,NA,NA,NA,NA,NA,NA,NA,NA,NA,NA,NA,NA
Ningxia,1994,NA,NA,NA,NA,NA,NA,NA,NA,NA,NA,NA,NA,NA,NA,NA,NA,NA,NA,NA,NA,NA,NA,NA
Qinghai,1979,NA,NA,NA,NA,NA,NA,NA,NA,NA,NA,NA,NA,NA,NA,NA,NA,NA,NA,NA,NA,NA,NA,NA
Qinghai,1980,NA,NA,NA,NA,NA,NA,NA,NA,NA,NA,NA,NA,NA,NA,NA,NA,NA,NA,NA,NA,NA,NA,NA
Qinghai,1981,NA,NA,NA,NA,NA,NA,NA,NA,NA,NA,NA,NA,NA,NA,NA,NA,NA,NA,NA,NA,NA,NA,NA
Qinghai,1983,NA,NA,NA,NA,NA,NA,NA,NA,NA,NA,NA,NA,NA,NA,NA,NA,NA,NA,NA,NA,NA,NA,NA
Qinghai,1986,NA,NA,NA,NA,NA,NA,NA,NA,NA,NA,NA,NA,NA,NA,NA,NA,NA,NA,NA,NA,NA,NA,NA
Qinghai,1987,NA,NA,NA,NA,NA,NA,NA,NA,NA,NA,NA,NA,NA,NA,NA,NA,NA,NA,NA,NA,NA,NA,NA
Qinghai,1988,NA,NA,NA,NA,NA,NA,NA,NA,NA,NA,NA,NA,NA,NA,NA,NA,NA,NA,NA,NA,NA,NA,NA
Qinghai,1989,NA,NA,NA,NA,NA,NA,NA,NA,NA,NA,NA,NA,NA,NA,NA,NA,NA,NA,NA,NA,NA,NA,NA
Qinghai,1990,NA,NA,NA,NA,NA,NA,NA,NA,NA,NA,NA,NA,NA,NA,NA,NA,NA,NA,NA,NA,NA,NA,NA
Qinghai,1991,NA,NA,NA,NA,NA,NA,NA,NA,NA,NA,NA,NA,NA,NA,NA,NA,NA,NA,NA,NA,NA,NA,NA
Qinghai,1992,NA,NA,NA,NA,NA,NA,NA,NA,NA,NA,NA,NA,NA,NA,NA,NA,NA,NA,NA,NA,NA,NA,NA
Qinghai,1994,NA,NA,NA,NA,NA,NA,NA,NA,NA,NA,NA,NA,NA,NA,NA,NA,NA,NA,NA,NA,NA,NA,NA
Shandong,1979,26.55,NA,NA,NA,NA,NA,NA,NA,NA,NA,NA,NA,NA,NA,NA,NA,NA,NA,NA,NA,NA,NA,NA
Shandong,1980,28.5,NA,NA,NA,NA,NA,NA,NA,NA,NA,NA,NA,NA,NA,NA,NA,NA,NA,NA,NA,NA,NA,NA
Shandong,1981,28.66,NA,NA,NA,NA,NA,10.51,NA,NA,NA,NA,NA,NA,NA,NA,NA,NA,NA,NA,NA,NA,NA,NA
Shandong,1983,32.3,0.07,12.03,NA,NA,NA,12.02,NA,NA,NA,NA,NA,54,NA,NA,NA,NA,NA,NA,NA,NA,NA,NA
Shandong,1984,37.73,0.34,16.81,NA,NA,NA,16.81,NA,NA,NA,NA,NA,46,NA,NA,NA,NA,NA,NA,NA,NA,NA,NA
Shandong,1985,49.58,0.25,25.82,NA,NA,NA,25.82,NA,NA,NA,NA,NA,101,NA,NA,NA,NA,NA,NA,NA,NA,NA,NA
Shandong,1986,56.7,0.94,35.76,NA,NA,NA,35.09,NA,NA,NA,NA,NA,415,NA,NA,NA,NA,NA,NA,NA,NA,NA,NA
Shandong,1987,70.87,0.58,52.58,NA,NA,NA,52.58,NA,NA,NA,NA,NA,1214,NA,NA,NA,NA,NA,NA,NA,NA,NA,NA
Shandong,1988,104.27,0.37,81.64,NA,NA,NA,81.64,NA,NA,NA,NA,NA,652,NA,NA,NA,NA,NA,NA,NA,NA,NA,NA
Shandong,1989,103.74,0.18,77.52,NA,NA,NA,77.52,NA,NA,NA,NA,NA,546,NA,NA,NA,NA,NA,NA,NA,NA,NA,NA
Shandong,1990,105.01,0.26,74.95,NA,NA,NA,74.95,NA,NA,NA,NA,NA,747,NA,NA,NA,NA,NA,NA,NA,NA,NA,NA
Shandong,1991,75.03,0.01,47.92,NA,NA,NA,47.92,NA,NA,NA,NA,NA,880,NA,NA,NA,NA,NA,NA,NA,NA,NA,NA
Shandong,1992,77.26,5.67,34.4,NA,NA,NA,34.39,NA,NA,NA,NA,NA,3730,NA,NA,NA,NA,NA,NA,NA,NA,NA,NA
Shandong,1993,117.6,0.49,42.62,NA,NA,NA,42.27,NA,NA,NA,NA,NA,1317,NA,NA,NA,NA,NA,NA,NA,NA,NA,NA
Shandong,1994,131.57,0.79,43.99,NA,NA,NA,43.81,NA,NA,NA,NA,NA,2590,NA,NA,NA,NA,NA,NA,NA,NA,NA,NA
Shandong,1995,131.87,3.38,43.41,NA,NA,NA,41.71,NA,NA,NA,NA,NA,10833,NA,NA,NA,NA,NA,NA,NA,NA,NA,NA
Shandong,1996,161633,4011,46670,NA,NA,NA,45978,NA,NA,NA,NA,692,15466,NA,NA,NA,NA,NA,NA,NA,NA,NA,NA
Shandong,1997,182695,5840,49462,NA,NA,NA,47520,NA,NA,NA,NA,1942,15526,NA,NA,NA,NA,NA,NA,NA,NA,NA,NA
Shandong,1998,188816,5473,57556,NA,NA,NA,54723,NA,NA,NA,NA,2833,17610,NA,NA,NA,NA,NA,NA,NA,NA,NA,NA
Shandong,1999,224090,4620,62475,NA,NA,NA,58876,NA,NA,NA,NA,3599,21558,NA,NA,NA,NA,NA,NA,NA,NA,NA,NA
Shandong,2e3,280476,4849,70143,NA,NA,NA,58120,NA,NA,NA,NA,12023,28730,NA,NA,NA,NA,NA,NA,NA,NA,NA,NA
Shandong,2001,289992,7759,70454,NA,NA,NA,59598,NA,NA,NA,NA,10856,35654,NA,NA,NA,NA,NA,NA,NA,NA,NA,NA
Shandong,2002,292768,8877,76925,NA,NA,NA,60428,NA,NA,NA,NA,16497,70862,NA,NA,NA,NA,NA,NA,NA,NA,NA,NA
Shandong,2003,358349,5600,76252,62943,13007,46,9970,33968,13309,13015,2,NA,81269,19139,28979,3,NA,NA,2968,3642,1345,466,1512
Shandong,2004,389568,9112,80121,62381,13635,7408,6823,29774,17740,15529,43,NA,93573,16896,44031,10,NA,NA,1424,2543,3175,20,1664
Shandong,2005,407390,8660,71452,52742,15008,4480,6906,22331,18710,16655,NA,NA,116079,16235,58325,11,NA,NA,1233,1976,4636,46,3323
Shandong,2006,420258,8826,81651,61567,21416,2884,6722,26529,20084,19287,NA,NA,118587,20667,45263,11,NA,NA,7245,3622,4158,NA,NA
Shandong,2007,406170,7757,101069,79330,34520,1468,5825,24423,21739,19118,37,NA,151448,23220,47357,107,5,NA,9615,2714,3821,779,4143
Shandong,2008,426217,9777,81704,63681,39795,3175,4620,16054,18023,17883,92,NA,173681,20622,54294,214,NA,NA,2585,2018,4380,465,7097
Shandong,2010,441403,17652,79426,65645,34668,3069,4709,19455,13781,13113,103,NA,127588,25111,53696,190,NA,NA,1695,3510,5318,110,8777
Shandong,2011,500946,11620,88576,77256,41731,3155,3600,18841,11320,9375,12,NA,119722,24529,49391,170,NA,NA,1392,3276,5974,140,2108
Shandong,2012,512126,12100,85593,74692,40442,1561,3159,20502,10901,9910,87,NA,160897,35435,61461,NA,NA,NA,400,7180,4656,10,5950
Shandong,2013,523705,8810,67513,56554,35459,1550,2833,14944,10959,8908,133,NA,148757,23490,64446,75,NA,NA,NA,5696,5021,12,7563
Shandong,2014,546814,12621,62776,53624,37803,1620,2649,6938,9152,6993,133,NA,159965,21348,72193,72,NA,NA,993,8223,3564,200,1971
Shandong,2015,548487,10385,77327,69487,49069,1510,3396,6685,7840,6582,NA,NA,160752,16190,72237,80,NA,NA,NA,9062,4086,24,3771
Shandong,2016,563198,10098,84289,76220,58326,1768,3306,6838,8069,6831,NA,NA,163771,17482,75641,280,NA,NA,NA,3727,4400,400,2727
Shanghai,1979,NA,NA,NA,NA,NA,NA,NA,NA,NA,NA,NA,NA,NA,NA,NA,NA,NA,NA,NA,NA,NA,NA,NA
Shanghai,1980,0.04,NA,NA,NA,NA,NA,NA,NA,NA,NA,NA,NA,NA,NA,NA,NA,NA,NA,NA,NA,NA,NA,NA
Shanghai,1981,0.08,NA,NA,NA,NA,NA,0.08,NA,NA,NA,NA,NA,NA,NA,NA,NA,NA,NA,NA,NA,NA,NA,NA
Shanghai,1983,0.33,NA,0.33,NA,NA,NA,0.33,NA,NA,NA,NA,NA,21,NA,NA,NA,NA,NA,NA,NA,NA,NA,NA
Shanghai,1984,0.57,NA,0.57,NA,NA,NA,0.57,NA,NA,NA,NA,NA,26,NA,NA,NA,NA,NA,NA,NA,NA,NA,NA
Shanghai,1985,1.01,NA,1.01,NA,NA,NA,1.01,NA,NA,NA,NA,NA,34,NA,NA,NA,NA,NA,NA,NA,NA,NA,NA
Shanghai,1986,1.39,NA,1.39,NA,NA,NA,1.39,NA,NA,NA,NA,NA,19,NA,NA,NA,NA,NA,NA,NA,NA,NA,NA
Shanghai,1987,1.94,NA,1.94,NA,NA,NA,1.94,NA,NA,NA,NA,NA,12,NA,NA,NA,NA,NA,NA,NA,NA,NA,NA
Shanghai,1988,2.42,NA,2.42,NA,NA,NA,2.42,NA,NA,NA,NA,NA,27,NA,NA,NA,NA,NA,NA,NA,NA,NA,NA
Shanghai,1989,2.3,NA,2.3,NA,NA,NA,2.3,NA,NA,NA,NA,NA,35,NA,NA,NA,NA,NA,NA,NA,NA,NA,NA
Shanghai,1990,2.42,NA,2.42,NA,NA,NA,2.42,NA,NA,NA,NA,NA,NA,NA,NA,NA,NA,NA,NA,NA,NA,NA,NA
Shanghai,1991,1.37,NA,1.37,NA,NA,NA,1.37,NA,NA,NA,NA,NA,NA,NA,NA,NA,NA,NA,NA,NA,NA,NA,NA
Shanghai,1992,1.33,NA,1.33,NA,NA,NA,1.33,NA,NA,NA,NA,NA,NA,NA,NA,NA,NA,NA,NA,NA,NA,NA,NA
Shanghai,1993,1.3,NA,1.3,NA,NA,NA,1.3,NA,NA,NA,NA,NA,NA,NA,NA,NA,NA,NA,NA,NA,NA,NA,NA
Shanghai,1994,1.08,NA,1.06,NA,NA,NA,1.06,NA,NA,NA,NA,NA,NA,NA,NA,NA,NA,NA,NA,NA,NA,NA,NA
Shanghai,1995,0.86,NA,0.86,NA,NA,NA,0.84,NA,NA,NA,NA,NA,NA,NA,NA,NA,NA,NA,NA,NA,NA,NA,NA
Shanghai,1996,743,NA,743,NA,NA,NA,637,NA,NA,NA,NA,106,NA,NA,NA,NA,NA,NA,NA,NA,NA,NA,NA
Shanghai,1997,605,NA,605,NA,NA,NA,345,NA,NA,NA,NA,260,NA,NA,NA,NA,NA,NA,NA,NA,NA,NA,NA
Shanghai,1998,602,NA,602,NA,NA,NA,510,NA,NA,NA,NA,92,NA,NA,NA,NA,NA,NA,NA,NA,NA,NA,NA
Shanghai,1999,705,NA,705,NA,NA,NA,638,NA,NA,NA,NA,67,NA,NA,NA,NA,NA,NA,NA,NA,NA,NA,NA
Shanghai,2e3,722,NA,383,NA,NA,NA,339,NA,NA,NA,NA,44,NA,NA,NA,NA,NA,NA,NA,NA,NA,NA,NA
Shanghai,2001,732,NA,711,NA,NA,NA,701,NA,NA,NA,NA,10,NA,NA,NA,NA,NA,NA,NA,NA,NA,NA,NA
Shanghai,2002,696,NA,696,NA,NA,NA,678,NA,NA,NA,NA,18,NA,NA,NA,NA,NA,NA,NA,NA,NA,NA,NA
Shanghai,2003,466,9,457,450,395,43,12,NA,7,NA,7,NA,18,NA,NA,NA,NA,NA,NA,NA,NA,NA,NA
Shanghai,2004,350,10,340,337,280,44,NA,NA,3,NA,3,NA,15,NA,NA,NA,NA,NA,NA,NA,NA,NA,NA
Shanghai,2005,84,NA,84,83,45,38,NA,NA,1,NA,1,NA,NA,NA,NA,NA,NA,NA,NA,NA,NA,NA,NA
Shanghai,2006,80,NA,80,80,46,33,NA,NA,NA,NA,NA,NA,NA,NA,NA,NA,NA,NA,NA,NA,NA,NA,NA
Shanghai,2007,13,1,12,12,NA,12,NA,NA,NA,NA,NA,NA,7,NA,NA,NA,NA,NA,NA,NA,NA,NA,NA
Shanghai,2008,NA,NA,NA,NA,NA,NA,NA,NA,NA,NA,NA,NA,NA,NA,NA,NA,NA,NA,NA,NA,NA,NA,NA
Shanghai,2010,NA,NA,NA,NA,NA,NA,NA,NA,NA,NA,NA,NA,NA,NA,NA,NA,NA,NA,NA,NA,NA,NA,NA
Shanghai,2011,NA,NA,NA,NA,NA,NA,NA,NA,NA,NA,NA,NA,NA,NA,NA,NA,NA,NA,NA,NA,NA,NA,NA
Shanghai,2012,NA,NA,NA,NA,NA,NA,NA,NA,NA,NA,NA,NA,NA,NA,NA,NA,NA,NA,NA,NA,NA,NA,NA
Shanghai,2013,NA,NA,NA,NA,NA,NA,NA,NA,NA,NA,NA,NA,NA,NA,NA,NA,NA,NA,NA,NA,NA,NA,NA
Shanghai,2014,NA,NA,NA,NA,NA,NA,NA,NA,NA,NA,NA,NA,NA,NA,NA,NA,NA,NA,NA,NA,NA,NA,NA
Shanghai,2015,NA,NA,NA,NA,NA,NA,NA,NA,NA,NA,NA,NA,NA,NA,NA,NA,NA,NA,NA,NA,NA,NA,NA
Shanghai,2016,NA,NA,NA,NA,NA,NA,NA,NA,NA,NA,NA,NA,NA,NA,NA,NA,NA,NA,NA,NA,NA,NA,NA
Shanxi,1979,NA,NA,NA,NA,NA,NA,NA,NA,NA,NA,NA,NA,NA,NA,NA,NA,NA,NA,NA,NA,NA,NA,NA
Shanxi,1980,NA,NA,NA,NA,NA,NA,NA,NA,NA,NA,NA,NA,NA,NA,NA,NA,NA,NA,NA,NA,NA,NA,NA
Shanxi,1981,NA,NA,NA,NA,NA,NA,NA,NA,NA,NA,NA,NA,NA,NA,NA,NA,NA,NA,NA,NA,NA,NA,NA
Shanxi,1983,NA,NA,NA,NA,NA,NA,NA,NA,NA,NA,NA,NA,NA,NA,NA,NA,NA,NA,NA,NA,NA,NA,NA
Shanxi,1986,NA,NA,NA,NA,NA,NA,NA,NA,NA,NA,NA,NA,NA,NA,NA,NA,NA,NA,NA,NA,NA,NA,NA
Shanxi,1987,NA,NA,NA,NA,NA,NA,NA,NA,NA,NA,NA,NA,NA,NA,NA,NA,NA,NA,NA,NA,NA,NA,NA
Shanxi,1988,NA,NA,NA,NA,NA,NA,NA,NA,NA,NA,NA,NA,NA,NA,NA,NA,NA,NA,NA,NA,NA,NA,NA
Shanxi,1989,NA,NA,NA,NA,NA,NA,NA,NA,NA,NA,NA,NA,NA,NA,NA,NA,NA,NA,NA,NA,NA,NA,NA
Shanxi,1990,NA,NA,NA,NA,NA,NA,NA,NA,NA,NA,NA,NA,NA,NA,NA,NA,NA,NA,NA,NA,NA,NA,NA
Shanxi,1991,NA,NA,NA,NA,NA,NA,NA,NA,NA,NA,NA,NA,NA,NA,NA,NA,NA,NA,NA,NA,NA,NA,NA
Shanxi,1992,NA,NA,NA,NA,NA,NA,NA,NA,NA,NA,NA,NA,NA,NA,NA,NA,NA,NA,NA,NA,NA,NA,NA
Shanxi,1994,NA,NA,NA,NA,NA,NA,NA,NA,NA,NA,NA,NA,NA,NA,NA,NA,NA,NA,NA,NA,NA,NA,NA
Shanxi Province,1979,NA,NA,NA,NA,NA,NA,NA,NA,NA,NA,NA,NA,NA,NA,NA,NA,NA,NA,NA,NA,NA,NA,NA
Shanxi Province,1980,NA,NA,NA,NA,NA,NA,NA,NA,NA,NA,NA,NA,NA,NA,NA,NA,NA,NA,NA,NA,NA,NA,NA
Shanxi Province,1981,NA,NA,NA,NA,NA,NA,NA,NA,NA,NA,NA,NA,NA,NA,NA,NA,NA,NA,NA,NA,NA,NA,NA
Shanxi Province,1983,NA,NA,NA,NA,NA,NA,NA,NA,NA,NA,NA,NA,NA,NA,NA,NA,NA,NA,NA,NA,NA,NA,NA
Shanxi Province,1986,NA,NA,NA,NA,NA,NA,NA,NA,NA,NA,NA,NA,NA,NA,NA,NA,NA,NA,NA,NA,NA,NA,NA
Shanxi Province,1987,NA,NA,NA,NA,NA,NA,NA,NA,NA,NA,NA,NA,NA,NA,NA,NA,NA,NA,NA,NA,NA,NA,NA
Shanxi Province,1988,NA,NA,NA,NA,NA,NA,NA,NA,NA,NA,NA,NA,NA,NA,NA,NA,NA,NA,NA,NA,NA,NA,NA
Shanxi Province,1989,NA,NA,NA,NA,NA,NA,NA,NA,NA,NA,NA,NA,NA,NA,NA,NA,NA,NA,NA,NA,NA,NA,NA
Shanxi Province,1990,NA,NA,NA,NA,NA,NA,NA,NA,NA,NA,NA,NA,NA,NA,NA,NA,NA,NA,NA,NA,NA,NA,NA
Shanxi Province,1991,NA,NA,NA,NA,NA,NA,NA,NA,NA,NA,NA,NA,NA,NA,NA,NA,NA,NA,NA,NA,NA,NA,NA
Shanxi Province,1992,NA,NA,NA,NA,NA,NA,NA,NA,NA,NA,NA,NA,NA,NA,NA,NA,NA,NA,NA,NA,NA,NA,NA
Shanxi Province,1994,NA,NA,NA,NA,NA,NA,NA,NA,NA,NA,NA,NA,NA,NA,NA,NA,NA,NA,NA,NA,NA,NA,NA
Sichuan Province,1979,NA,NA,NA,NA,NA,NA,NA,NA,NA,NA,NA,NA,NA,NA,NA,NA,NA,NA,NA,NA,NA,NA,NA
Sichuan Province,1980,NA,NA,NA,NA,NA,NA,NA,NA,NA,NA,NA,NA,NA,NA,NA,NA,NA,NA,NA,NA,NA,NA,NA
Sichuan Province,1981,NA,NA,NA,NA,NA,NA,NA,NA,NA,NA,NA,NA,NA,NA,NA,NA,NA,NA,NA,NA,NA,NA,NA
Sichuan Province,1983,NA,NA,NA,NA,NA,NA,NA,NA,NA,NA,NA,NA,NA,NA,NA,NA,NA,NA,NA,NA,NA,NA,NA
Sichuan Province,1986,NA,NA,NA,NA,NA,NA,NA,NA,NA,NA,NA,NA,NA,NA,NA,NA,NA,NA,NA,NA,NA,NA,NA
Sichuan Province,1987,NA,NA,NA,NA,NA,NA,NA,NA,NA,NA,NA,NA,NA,NA,NA,NA,NA,NA,NA,NA,NA,NA,NA
Sichuan Province,1988,NA,NA,NA,NA,NA,NA,NA,NA,NA,NA,NA,NA,NA,NA,NA,NA,NA,NA,NA,NA,NA,NA,NA
Sichuan Province,1989,NA,NA,NA,NA,NA,NA,NA,NA,NA,NA,NA,NA,NA,NA,NA,NA,NA,NA,NA,NA,NA,NA,NA
Sichuan Province,1990,NA,NA,NA,NA,NA,NA,NA,NA,NA,NA,NA,NA,NA,NA,NA,NA,NA,NA,NA,NA,NA,NA,NA
Sichuan Province,1991,NA,NA,NA,NA,NA,NA,NA,NA,NA,NA,NA,NA,NA,NA,NA,NA,NA,NA,NA,NA,NA,NA,NA
Sichuan Province,1992,NA,NA,NA,NA,NA,NA,NA,NA,NA,NA,NA,NA,NA,NA,NA,NA,NA,NA,NA,NA,NA,NA,NA
Sichuan Province,1994,NA,NA,NA,NA,NA,NA,NA,NA,NA,NA,NA,NA,NA,NA,NA,NA,NA,NA,NA,NA,NA,NA,NA
Tianjin,1979,0.12,NA,NA,NA,NA,NA,NA,NA,NA,NA,NA,NA,NA,NA,NA,NA,NA,NA,NA,NA,NA,NA,NA
Tianjin,1980,0.77,NA,NA,NA,NA,NA,NA,NA,NA,NA,NA,NA,NA,NA,NA,NA,NA,NA,NA,NA,NA,NA,NA
Tianjin,1981,0.85,NA,NA,NA,NA,NA,0.09,NA,NA,NA,NA,NA,NA,NA,NA,NA,NA,NA,NA,NA,NA,NA,NA
Tianjin,1983,1.21,0.44,0.77,NA,NA,NA,0.77,NA,NA,NA,NA,NA,32,NA,NA,NA,NA,NA,NA,NA,NA,NA,NA
Tianjin,1984,2.01,1.55,0.46,NA,NA,NA,0.46,NA,NA,NA,NA,NA,162,NA,NA,NA,NA,NA,NA,NA,NA,NA,NA
Tianjin,1985,4.07,0.71,3.36,NA,NA,NA,3.36,NA,NA,NA,NA,NA,137,NA,NA,NA,NA,NA,NA,NA,NA,NA,NA
Tianjin,1986,4.66,0.42,4.24,NA,NA,NA,4.24,NA,NA,NA,NA,NA,365,NA,NA,NA,NA,NA,NA,NA,NA,NA,NA
Tianjin,1987,6.25,0.94,5.31,NA,NA,NA,5.31,NA,NA,NA,NA,NA,312,NA,NA,NA,NA,NA,NA,NA,NA,NA,NA
Tianjin,1988,6.81,0.6,6.21,NA,NA,NA,0.21,NA,NA,NA,NA,NA,276,NA,NA,NA,NA,NA,NA,NA,NA,NA,NA
Tianjin,1989,7.35,0.39,6.96,NA,NA,NA,6.96,NA,NA,NA,NA,NA,185,NA,NA,NA,NA,NA,NA,NA,NA,NA,NA
Tianjin,1990,7.06,0.33,6.73,NA,NA,NA,6.64,NA,NA,NA,NA,NA,222,NA,NA,NA,NA,NA,NA,NA,NA,NA,NA
Tianjin,1991,4.31,0.29,4.02,NA,NA,NA,4.02,NA,NA,NA,NA,NA,278,NA,NA,NA,NA,NA,NA,NA,NA,NA,NA
Tianjin,1992,4.21,0.08,4.13,NA,NA,NA,4.13,NA,NA,NA,NA,NA,60,NA,NA,NA,NA,NA,NA,NA,NA,NA,NA
Tianjin,1993,4.06,0.06,4,NA,NA,NA,4,NA,NA,NA,NA,NA,45,NA,NA,NA,NA,NA,NA,NA,NA,NA,NA
Tianjin,1994,4.43,1.35,3.08,NA,NA,NA,3.06,NA,NA,NA,NA,NA,613,NA,NA,NA,NA,NA,NA,NA,NA,NA,NA
Tianjin,1995,4.16,1.91,2.25,NA,NA,NA,2.21,NA,NA,NA,NA,NA,876,NA,NA,NA,NA,NA,NA,NA,NA,NA,NA
Tianjin,1996,5055,2360,2695,NA,NA,NA,2630,NA,NA,NA,NA,65,656,NA,NA,NA,NA,NA,NA,NA,NA,NA,NA
Tianjin,1997,5195,2936,2259,NA,NA,NA,2125,NA,NA,NA,NA,134,910,NA,NA,NA,NA,NA,NA,NA,NA,NA,NA
Tianjin,1998,4473,1330,3143,NA,NA,NA,2591,NA,NA,NA,NA,552,670,NA,NA,NA,NA,NA,NA,NA,NA,NA,NA
Tianjin,1999,4302,1449,2506,NA,NA,NA,2057,NA,NA,NA,NA,449,671,NA,NA,NA,NA,NA,NA,NA,NA,NA,NA
Tianjin,2e3,4438,1203,3233,NA,NA,NA,2534,NA,NA,NA,NA,699,977,NA,NA,NA,NA,NA,NA,NA,NA,NA,NA
Tianjin,2001,4394,1653,2685,NA,NA,NA,1934,NA,NA,NA,NA,751,1855,NA,NA,NA,NA,NA,NA,NA,NA,NA,NA
Tianjin,2002,5816,1005,3917,NA,NA,NA,2960,NA,NA,NA,NA,957,1760,NA,NA,NA,NA,NA,NA,NA,NA,NA,NA
Tianjin,2003,5087,499,4263,3156,1310,NA,1206,639,1107,1107,NA,NA,823,NA,301,NA,NA,NA,NA,23,145,30,NA
Tianjin,2004,5361,662,4227,3252,1925,267,429,631,975,975,NA,NA,1741,NA,712,NA,NA,NA,NA,6,163,12,NA
Tianjin,2005,4807,346,4252,3516,2891,NA,126,499,736,736,NA,NA,1502,NA,740,NA,NA,NA,NA,19,253,62,NA
Tianjin,2006,5511,833,4678,4304,3964,NA,83,257,374,374,NA,NA,1738,52,489,NA,NA,NA,NA,3,149,100,NA
Tianjin,2007,6840,1139,5701,5120,4597,NA,NA,304,581,581,NA,NA,2193,NA,612,NA,NA,NA,NA,10,214,46,NA
Tianjin,2008,4369,85,4284,4247,4113,NA,27,107,37,37,NA,NA,1592,6,775,NA,NA,NA,25,20,88,85,150
Tianjin,2010,4304,32,4272,NA,4252,NA,16,NA,4,4,NA,NA,2142,11,1398,NA,NA,NA,NA,30,18,165,79
Tianjin,2011,3982,496,3486,NA,3476,NA,NA,NA,7,7,NA,NA,2952,40,660,NA,NA,NA,377,75,100,160,87
Tianjin,2012,4110,106,4001,NA,3998,NA,NA,NA,NA,NA,NA,NA,3454,NA,1951,NA,NA,NA,40,60,182,391,40
Tianjin,2013,3992,27,3965,NA,3962,NA,3,NA,NA,NA,NA,NA,3666,115,2254,NA,NA,NA,100,60,189,268,19
Tianjin,2014,3169,17,3152,NA,3148,NA,4,NA,NA,NA,NA,NA,3521,60,2431,NA,NA,NA,NA,38,102,300,13
Tianjin,2015,3180,19,3161,3161,3161,NA,NA,NA,NA,NA,NA,NA,3657,87,2583,NA,NA,NA,67,50,84,247,11
Tianjin,2016,3165,109,3056,3056,3056,NA,NA,NA,NA,NA,NA,NA,3110,100,1689,NA,NA,NA,55,52,25,620,8
Tibet,1979,NA,NA,NA,NA,NA,NA,NA,NA,NA,NA,NA,NA,NA,NA,NA,NA,NA,NA,NA,NA,NA,NA,NA
Tibet,1980,NA,NA,NA,NA,NA,NA,NA,NA,NA,NA,NA,NA,NA,NA,NA,NA,NA,NA,NA,NA,NA,NA,NA
Tibet,1981,NA,NA,NA,NA,NA,NA,NA,NA,NA,NA,NA,NA,NA,NA,NA,NA,NA,NA,NA,NA,NA,NA,NA
Tibet,1983,NA,NA,NA,NA,NA,NA,NA,NA,NA,NA,NA,NA,NA,NA,NA,NA,NA,NA,NA,NA,NA,NA,NA
Tibet,1986,NA,NA,NA,NA,NA,NA,NA,NA,NA,NA,NA,NA,NA,NA,NA,NA,NA,NA,NA,NA,NA,NA,NA
Tibet,1987,NA,NA,NA,NA,NA,NA,NA,NA,NA,NA,NA,NA,NA,NA,NA,NA,NA,NA,NA,NA,NA,NA,NA
Tibet,1988,NA,NA,NA,NA,NA,NA,NA,NA,NA,NA,NA,NA,NA,NA,NA,NA,NA,NA,NA,NA,NA,NA,NA
Tibet,1991,NA,NA,NA,NA,NA,NA,NA,NA,NA,NA,NA,NA,NA,NA,NA,NA,NA,NA,NA,NA,NA,NA,NA
Tibet,1994,NA,NA,NA,NA,NA,NA,NA,NA,NA,NA,NA,NA,NA,NA,NA,NA,NA,NA,NA,NA,NA,NA,NA
Xinjiang,1979,NA,NA,NA,NA,NA,NA,NA,NA,NA,NA,NA,NA,NA,NA,NA,NA,NA,NA,NA,NA,NA,NA,NA
Xinjiang,1980,NA,NA,NA,NA,NA,NA,NA,NA,NA,NA,NA,NA,NA,NA,NA,NA,NA,NA,NA,NA,NA,NA,NA
Xinjiang,1981,NA,NA,NA,NA,NA,NA,NA,NA,NA,NA,NA,NA,NA,NA,NA,NA,NA,NA,NA,NA,NA,NA,NA
Xinjiang,1983,NA,NA,NA,NA,NA,NA,NA,NA,NA,NA,NA,NA,NA,NA,NA,NA,NA,NA,NA,NA,NA,NA,NA
Xinjiang,1986,NA,NA,NA,NA,NA,NA,NA,NA,NA,NA,NA,NA,NA,NA,NA,NA,NA,NA,NA,NA,NA,NA,NA
Xinjiang,1988,NA,NA,NA,NA,NA,NA,NA,NA,NA,NA,NA,NA,NA,NA,NA,NA,NA,NA,NA,NA,NA,NA,NA
Xinjiang,1989,NA,NA,NA,NA,NA,NA,NA,NA,NA,NA,NA,NA,NA,NA,NA,NA,NA,NA,NA,NA,NA,NA,NA
Xinjiang,1990,NA,NA,NA,NA,NA,NA,NA,NA,NA,NA,NA,NA,NA,NA,NA,NA,NA,NA,NA,NA,NA,NA,NA
Xinjiang,1991,NA,NA,NA,NA,NA,NA,NA,NA,NA,NA,NA,NA,NA,NA,NA,NA,NA,NA,NA,NA,NA,NA,NA
Xinjiang,1992,NA,NA,NA,NA,NA,NA,NA,NA,NA,NA,NA,NA,NA,NA,NA,NA,NA,NA,NA,NA,NA,NA,NA
Xinjiang,1994,NA,NA,NA,NA,NA,NA,NA,NA,NA,NA,NA,NA,NA,NA,NA,NA,NA,NA,NA,NA,NA,NA,NA
Yunnan,1979,NA,NA,NA,NA,NA,NA,NA,NA,NA,NA,NA,NA,NA,NA,NA,NA,NA,NA,NA,NA,NA,NA,NA
Yunnan,1980,NA,NA,NA,NA,NA,NA,NA,NA,NA,NA,NA,NA,NA,NA,NA,NA,NA,NA,NA,NA,NA,NA,NA
Yunnan,1981,NA,NA,NA,NA,NA,NA,NA,NA,NA,NA,NA,NA,NA,NA,NA,NA,NA,NA,NA,NA,NA,NA,NA
Yunnan,1983,NA,NA,NA,NA,NA,NA,NA,NA,NA,NA,NA,NA,NA,NA,NA,NA,NA,NA,NA,NA,NA,NA,NA
Yunnan,1986,NA,NA,NA,NA,NA,NA,NA,NA,NA,NA,NA,NA,NA,NA,NA,NA,NA,NA,NA,NA,NA,NA,NA
Yunnan,1987,NA,NA,NA,NA,NA,NA,NA,NA,NA,NA,NA,NA,NA,NA,NA,NA,NA,NA,NA,NA,NA,NA,NA
Yunnan,1988,NA,NA,NA,NA,NA,NA,NA,NA,NA,NA,NA,NA,NA,NA,NA,NA,NA,NA,NA,NA,NA,NA,NA
Yunnan,1989,NA,NA,NA,NA,NA,NA,NA,NA,NA,NA,NA,NA,NA,NA,NA,NA,NA,NA,NA,NA,NA,NA,NA
Yunnan,1990,NA,NA,NA,NA,NA,NA,NA,NA,NA,NA,NA,NA,NA,NA,NA,NA,NA,NA,NA,NA,NA,NA,NA
Yunnan,1991,NA,NA,NA,NA,NA,NA,NA,NA,NA,NA,NA,NA,NA,NA,NA,NA,NA,NA,NA,NA,NA,NA,NA
Yunnan,1992,NA,NA,NA,NA,NA,NA,NA,NA,NA,NA,NA,NA,NA,NA,NA,NA,NA,NA,NA,NA,NA,NA,NA
Yunnan,1994,NA,NA,NA,NA,NA,NA,NA,NA,NA,NA,NA,NA,NA,NA,NA,NA,NA,NA,NA,NA,NA,NA,NA
Zhejiang,1979,13.87,NA,NA,NA,NA,NA,NA,NA,NA,NA,NA,NA,NA,NA,NA,NA,NA,NA,NA,NA,NA,NA,NA
Zhejiang,1980,12.55,NA,NA,NA,NA,NA,NA,NA,NA,NA,NA,NA,NA,NA,NA,NA,NA,NA,NA,NA,NA,NA,NA
Zhejiang,1981,14.62,NA,NA,NA,NA,NA,0.21,NA,NA,NA,NA,NA,NA,NA,NA,NA,NA,NA,NA,NA,NA,NA,NA
Zhejiang,1983,25.97,0.47,1.11,NA,NA,NA,1.11,NA,NA,NA,NA,NA,93,NA,NA,NA,NA,NA,NA,NA,NA,NA,NA
Zhejiang,1984,34.74,0.7,1.78,NA,NA,NA,1.78,NA,NA,NA,NA,NA,76,NA,NA,NA,NA,NA,NA,NA,NA,NA,NA
Zhejiang,1985,36.74,1.04,4.02,NA,NA,NA,4.02,NA,NA,NA,NA,NA,725,NA,NA,NA,NA,NA,NA,NA,NA,NA,NA
Zhejiang,1986,41.7,0.86,8.16,NA,NA,NA,8.16,NA,NA,NA,NA,NA,750,NA,NA,NA,NA,NA,NA,NA,NA,NA,NA
Zhejiang,1987,44.81,0.66,10.74,NA,NA,NA,10.66,NA,NA,NA,NA,NA,439,NA,NA,NA,NA,NA,NA,NA,NA,NA,NA
Zhejiang,1988,46.94,0.71,11.67,NA,NA,NA,11.67,NA,NA,NA,NA,NA,425,NA,NA,NA,NA,NA,NA,NA,NA,NA,NA
Zhejiang,1989,49.31,0.78,10.4,NA,NA,NA,10.1,NA,NA,NA,NA,NA,492,NA,NA,NA,NA,NA,NA,NA,NA,NA,NA
Zhejiang,1990,49.23,0.83,9.85,NA,NA,NA,9.08,NA,NA,NA,NA,NA,577,NA,NA,NA,NA,NA,NA,NA,NA,NA,NA
Zhejiang,1991,33.48,0.44,7.35,NA,NA,NA,6.79,NA,NA,NA,NA,NA,460,NA,NA,NA,NA,NA,NA,NA,NA,NA,NA
Zhejiang,1992,35.22,0.53,8.51,NA,NA,NA,7.87,NA,NA,NA,NA,NA,980,NA,NA,NA,NA,NA,NA,NA,NA,NA,NA
Zhejiang,1993,40.04,0.45,10.41,NA,NA,NA,9.16,NA,NA,NA,NA,NA,1014,NA,NA,NA,NA,NA,NA,NA,NA,NA,NA
Zhejiang,1994,45.61,0.44,10.85,NA,NA,NA,8.82,NA,NA,NA,NA,NA,2276,NA,NA,NA,NA,NA,NA,NA,NA,NA,NA
Zhejiang,1995,50.79,0.7,10.95,NA,NA,NA,8.34,NA,NA,NA,NA,NA,4099,NA,NA,NA,NA,NA,NA,NA,NA,NA,NA
Zhejiang,1996,57214,1290,12733,NA,NA,NA,9560,NA,NA,NA,NA,3173,7004,NA,NA,NA,NA,NA,NA,NA,NA,NA,NA
Zhejiang,1997,63718,2228,14343,NA,NA,NA,10547,NA,NA,NA,NA,3796,7062,NA,NA,NA,NA,NA,NA,NA,NA,NA,NA
Zhejiang,1998,70182,2319,16929,NA,NA,NA,10442,NA,NA,NA,NA,6487,11099,NA,NA,NA,NA,NA,NA,NA,NA,NA,NA
Zhejiang,1999,87512,4111,21273,NA,NA,NA,12189,NA,NA,NA,NA,9084,17047,NA,NA,NA,NA,NA,NA,NA,NA,NA,NA
Zhejiang,2e3,106358,5520,28502,NA,NA,NA,17581,NA,NA,NA,NA,10921,27053,NA,NA,NA,NA,NA,NA,NA,NA,NA,NA
Zhejiang,2001,112746,6241,33137,NA,NA,NA,20442,NA,NA,NA,NA,12695,31787,NA,NA,NA,NA,NA,NA,NA,NA,NA,NA
Zhejiang,2002,116909,5648,38659,NA,NA,NA,17736,NA,NA,NA,NA,20923,40338,NA,NA,NA,NA,NA,NA,NA,NA,NA,NA
Zhejiang,2003,117408,6319,37907,20480,6870,335,3471,1107,17427,3164,13903,NA,43080,7347,8,7221,34,NA,4038,11112,4,307,391
Zhejiang,2004,118285,6960,38271,19659,6856,329,3368,1602,18612,3626,14532,NA,43811,9031,1,5053,NA,NA,3627,10035,1254,179,9
Zhejiang,2005,112436,6509,36246,18165,6132,756,2563,1409,18081,3798,13893,NA,40682,8908,80,4098,NA,NA,2856,11660,280,85,403
Zhejiang,2006,109055,6247,35410,14344,5814,696,1950,1643,21066,4040,13060,NA,40775,9101,75,3575,NA,257,3218,12097,165,107,NA
Zhejiang,2007,56750,3371,18809,9544,5098,646,1421,1702,9265,2053,7137,NA,38861,11277,9,2995,NA,NA,3518,9714,134,154,1
Zhejiang,2008,96139,5367,32516,16012,6333,307,1492,1345,16504,4436,11438,NA,35060,10456,2,3317,NA,NA,3153,8054,19,153,60
Zhejiang,2010,94514,5436,31670,15387,6103,321,1453,1247,16283,3903,11266,NA,32342,9839,111,3365,NA,55,3611,6802,10,73,58
Zhejiang,2011,93905,5086,30747,15470,6912,487,1159,1324,15277,4522,10521,NA,34226,10158,130,3090,NA,60,3730,7800,11,80,65
Zhejiang,2012,90839,4518,28759,13804,6329,358,637,1411,14955,2963,10683,NA,35208,9591,1514,2225,155,285,3722,10142,133,212,429
Zhejiang,2013,89747,4288,30008,14456,7582,374,576,724,15552,3857,11032,NA,29898,8490,236,3269,NA,5,2449,7821,199,278,117
Zhejiang,2014,89358,4423,30081,14856,7835,320,415,690,15225,3627,11331,NA,29490,7988,333,3275,195,115,2602,7906,126,192,118
Zhejiang,2015,88178,3687,31371,16442,10333,204,248,632,14929,3585,11344,NA,33397,7600,123,3745,200,121,3022,7868,100,497,140
Zhejiang,2016,85881,3004,29464,15278,9208,143,193,569,14186,3839,10214,NA,35894,7946,141,6512,200,82,3513,8010,NA,793,96
NA,1989,NA,NA,NA,NA,NA,NA,NA,NA,NA,NA,NA,NA,NA,NA,NA,NA,NA,NA,NA,NA,NA,NA,NA
